25734,1304
25734,1370
25734,11262
25734,30500
25734,33886
25734,56714
25743,1304
25743,1370
25743,1372
25743,11262
25743,16358
25743,30500
25743,33886
25743,35732
25743,35846
25743,39186
25743,46632
25743,50716
25743,56714
25743,57414
25743,59822
25743,61280
25743,61364
25743,61542
25743,61552
25743,62074
25743,63186
25743,63188
25743,63510
25749,124
25749,1304
25749,1370
25749,1372
25749,3382
25749,10652
25749,11262
25749,16358
25749,30500
25749,32496
25749,33886
25749,34092
25749,35732
25749,35846
25749,39186
25749,42132
25749,44302
25749,48980
25749,50270
25749,50272
25749,50274
25749,50716
25749,50718
25749,50720
25749,51974
25749,52918
25749,53160
25749,53394
25749,53406
25749,54096
25749,54290
25749,56714
25749,57414
25749,57804
25749,59394
25749,59396
25749,61028
25749,61280
25749,61348
25749,61364
25749,61542
25749,61552
25749,61560
25749,61672
25749,62074
25749,62944
25749,63136
25749,63186
25749,63188
25749,63360
25749,63510
25749,63538
56868,1304
56868,1370
56868,1372
56868,35732
56868,57414
56868,61364
56868,63188
56871,1304
56871,1370
56871,1372
56871,10652
56871,11262
56871,30500
56871,35732
56871,39186
56871,50716
56871,56714
56871,61364
56871,61542
56871,63188
56871,63510
59691,1304
59691,1370
59691,10652
59691,11262
59691,30500
59691,35732
59691,50716
59691,61542
59691,61560
59691,62376
59691,63188
59691,63510
59700,1304
59700,1370
59700,11262
59700,30500
59700,35846
59700,42132
59700,44302
59700,49888
59700,50716
59700,56714
59700,57414
59700,59816
59700,62944
59700,63136
59700,63186
59700,63360
59703,1304
59703,1370
59703,1372
59703,10652
59703,11262
59703,33534
59703,33886
59703,35732
59703,39186
59703,50268
59703,50274
59703,50716
59703,56714
59703,57414
59703,61542
59703,62074
59703,63510
60762,36720
60762,50274
60762,57804
60762,59396
60864,1304
60864,1370
60864,1372
60864,11262
60864,16358
60864,30500
60864,33886
60864,35732
60864,35846
60864,50716
60864,50718
60864,53160
60864,56696
60864,56714
60864,57414
60864,59822
60864,61364
60864,61542
60864,62074
60864,63188
60864,63360
60864,63510
60870,124
60870,1370
60870,10652
60870,11262
60870,30500
60870,33886
60882,1304
60882,1370
60882,1372
60882,10652
60882,11262
60882,30500
60882,35732
60882,39186
60882,46632
60882,49888
60882,56714
60882,61028
60882,61364
60882,61542
60888,124
60888,1304
60888,1370
60888,1372
60888,10652
60888,11262
60888,30500
60888,33886
60888,35732
60888,35846
60888,39186
60888,42132
60888,44302
60888,50270
60888,50272
60888,50274
60888,50716
60888,51974
60888,53160
60888,54096
60888,56714
60888,57414
60888,57804
60888,59394
60888,59396
60888,61028
60888,61280
60888,61364
60888,61542
60888,61558
60888,61560
60888,61672
60888,62274
60888,62944
60888,63136
60888,63186
60888,63188
60888,63360
60888,63418
60888,63510
60888,63540
61215,11262
61305,1304
61305,1370
61305,10652
61305,11262
61305,33886
61305,35732
61305,50716
61305,56714
61305,57414
61305,62170
61344,1304
61344,1370
61344,1372
61344,10652
61344,11262
61344,16358
61344,30500
61344,33886
61344,34092
61344,35732
61344,35846
61344,39186
61344,50274
61344,56714
61344,57414
61344,61280
61344,61542
61344,62274
61344,63188
61344,63510
61347,1370
61347,11262
61347,30500
61353,1304
61353,1370
61353,1372
61353,11262
61353,56714
61353,57414
61353,61542
61353,62074
61482,1304
61482,1370
61482,1372
61482,10808
61482,11262
61482,30500
61482,35732
61482,39186
61482,44302
61482,50270
61482,50272
61482,50274
61482,50716
61482,51974
61482,53160
61482,54096
61482,56696
61482,56714
61482,57414
61482,57804
61482,59394
61482,59396
61482,59822
61482,61028
61482,61280
61482,61348
61482,61364
61482,62074
61482,62944
61482,63136
61482,63188
61482,63360
61629,1372
61629,48574
61629,50716
61629,56714
61692,1304
61692,1370
61692,1372
61692,10652
61692,11262
61692,16358
61692,33886
61692,35846
61692,39186
61692,42132
61692,44302
61692,48298
61692,50270
61692,50272
61692,50274
61692,50716
61692,50720
61692,53160
61692,56696
61692,56714
61692,57414
61692,57804
61692,59394
61692,59396
61692,61280
61692,61348
61692,61364
61692,61542
61692,61672
61692,62274
61692,62944
61692,63186
61692,63188
61692,63360
61692,63418
61824,1304
61824,1370
61824,1372
61824,10652
61824,11262
61824,30500
61824,33886
61824,34092
61824,35846
61824,44302
61824,50716
61824,54096
61824,56714
61824,57414
61824,61364
61824,61542
61824,62170
61824,62376
61824,62944
61824,63188
61824,63510
61899,1304
61899,1370
61899,1372
61899,3382
61899,10652
61899,10808
61899,11262
61899,16358
61899,30500
61899,33886
61899,34092
61899,35732
61899,35846
61899,39186
61899,42132
61899,44302
61899,48298
61899,50270
61899,50272
61899,50274
61899,50716
61899,50718
61899,50720
61899,51974
61899,53160
61899,53406
61899,54096
61899,54290
61899,55798
61899,56696
61899,56714
61899,57414
61899,57804
61899,59394
61899,59396
61899,60522
61899,61028
61899,61280
61899,61348
61899,61364
61899,61540
61899,61542
61899,61672
61899,62074
61899,62170
61899,62614
61899,62944
61899,63136
61899,63186
61899,63188
61899,63510
61902,1370
61902,11262
61902,35732
61908,1304
61908,1370
61908,1372
61908,10652
61908,11262
61908,16358
61908,30500
61908,33886
61908,35846
61908,39186
61908,42132
61908,50716
61908,56714
61908,57414
61908,57804
61908,59816
61908,59822
61908,61364
61908,61542
61908,63186
61908,63188
61908,63510
61908,63538
61935,1304
61935,1370
61935,1372
61935,16358
61935,32496
61935,61542
61935,63188
61935,63540
61977,1304
61977,11262
61977,30500
61977,33886
61977,49888
61977,50718
61977,56696
61977,56714
61977,59822
61977,61542
61977,62074
61977,62944
61977,63418
62337,124
62337,1304
62337,1372
62337,3382
62337,10808
62337,11262
62337,30500
62337,36720
62337,36762
62337,39186
62337,44302
62337,50270
62337,50272
62337,50274
62337,50716
62337,54096
62337,56714
62337,57414
62337,57804
62337,59394
62337,59396
62337,61280
62337,61364
62337,61542
62337,62274
62337,62944
62337,63136
62337,63188
62337,63510
62811,1370
62811,3382
62811,10652
62811,30500
62811,50716
62811,50718
62811,55798
62811,59396
62811,62274
62817,124
62817,1304
62817,1370
62817,1372
62817,10652
62817,10808
62817,11262
62817,16358
62817,30500
62817,33886
62817,35732
62817,35846
62817,39186
62817,48980
62817,50268
62817,50270
62817,50272
62817,50274
62817,50716
62817,50718
62817,52918
62817,53160
62817,54096
62817,56714
62817,57414
62817,57804
62817,59394
62817,59396
62817,59822
62817,61280
62817,61364
62817,61540
62817,61542
62817,61552
62817,61672
62817,62074
62817,62376
62817,62944
62817,63188
62817,63218
62817,63360
62817,63510
63582,1304
63582,10652
63582,11262
63582,33886
63582,35732
63582,50716
63582,56696
63582,56714
63582,57414
63582,59822
63582,61280
63582,61542
63582,62074
63582,62274
63582,63360
63582,63510
63690,1304
63690,1370
63690,10652
63690,11262
63690,33886
63690,35732
63690,39186
63690,44302
63690,48574
63690,50716
63690,53046
63690,56714
63690,57414
63690,61364
63690,61542
63690,62074
63690,63188
63867,1304
63867,1370
63867,1372
63867,11262
63867,30500
63867,33886
63867,35732
63867,56714
63867,57414
63867,59822
63867,61542
63867,61560
63867,63188
63867,63510
63873,1304
63873,1370
63873,10652
63873,11262
63873,61542
63873,61672
63876,1304
64218,1304
64218,1370
64218,1372
64218,10652
64218,11262
64218,30500
64218,33886
64218,35732
64218,39186
64218,56714
64218,57414
64218,61542
64218,62074
64218,62944
64218,63136
64218,63188
64218,63360
64218,63538
64272,1304
64272,1370
64272,1372
64272,11262
64272,59822
64272,61364
64272,61542
64272,62944
64272,63188
64299,124
64299,1304
64299,1370
64299,1372
64299,11262
64299,30500
64299,33886
64299,35732
64299,49888
64299,50716
64299,50718
64299,56714
64299,57414
64299,59822
64299,61364
64299,61542
64299,62170
64299,62376
64299,63188
64299,63510
64353,1304
64353,1370
64353,1372
64353,10652
64353,11262
64353,33886
64353,50716
64353,57414
64353,61364
64353,61542
64353,63188
64365,1304
64365,1370
64365,11262
64365,30500
64365,50274
64365,52918
64365,56714
64365,61542
64734,1304
64734,1370
64734,1372
64734,10652
64734,11262
64734,30500
64734,33886
64734,35732
64734,57414
64734,59822
64734,61364
64734,61542
64734,61558
64734,61560
64734,61672
64734,63188
64764,11262
64764,30500
64845,1304
64845,1370
64845,1372
64845,10652
64845,11262
64845,33886
64845,35732
64845,50716
64845,62074
64845,63188
64860,1370
64860,11262
64860,30500
64860,35732
64860,39186
64893,1304
64893,1370
64893,10652
64893,11262
64893,30500
64893,33886
64893,35732
64893,39186
64893,57414
64893,59822
64893,62376
64893,63188
64959,1304
64959,1370
64959,11262
64959,30500
64959,57414
64959,63510
65049,1304
65049,1370
65049,1372
65049,61364
65049,62170
65052,1304
65052,1370
65052,1372
65052,11262
65052,30500
65052,33886
65052,35732
65052,50268
65052,50716
65052,61542
65052,63510
65058,1304
65058,1370
65058,11262
65058,56714
65058,57414
65058,59822
65058,61542
65058,62170
65058,62376
65058,63188
65067,1304
65067,1370
65067,1372
65067,10652
65067,11262
65067,57414
65067,61364
65067,63188
65313,1370
65313,1372
65313,10652
65313,39186
65313,61364
65313,63188
65328,1304
65328,1370
65328,1372
65328,61364
65328,63188
65577,1370
65577,1372
65577,50718
65577,50720
65577,63188
65577,63360
65598,1372
65598,30500
65598,39186
65598,57414
65598,61280
65598,61364
65598,63188
65631,1304
65631,1370
65631,10652
65631,11262
65631,33886
65631,35732
65631,56484
65631,61542
65637,1304
65637,1370
65637,1372
65637,11262
65637,35732
65637,56714
65637,61364
65637,61542
65640,1304
65640,1370
65640,1372
65640,10652
65640,11262
65640,30500
65640,33886
65640,34092
65640,35732
65640,39186
65640,50716
65640,50718
65640,53160
65640,56714
65640,57414
65640,61364
65640,61542
65640,63188
65640,63510
66033,1304
66033,1370
66033,1372
66033,11262
66033,63188
66054,1304
66054,1370
66054,1372
66054,10652
66054,11262
66054,30500
66054,34092
66054,36720
66054,39186
66054,56696
66054,57414
66054,61364
66054,61558
66054,63510
66336,1304
66336,1370
66336,1372
66336,10652
66336,16358
66336,30500
66336,35732
66336,39186
66336,49888
66336,50716
66336,53160
66336,56714
66336,57414
66336,61364
66336,61542
66336,61672
66336,62376
66336,63188
66378,1304
66378,1372
66378,10652
66378,11262
66378,30500
66378,33886
66378,39186
66378,44302
66378,50270
66378,50716
66378,50970
66378,53160
66378,56714
66378,57414
66378,59396
66378,59822
66378,61028
66378,61280
66378,61364
66378,61542
66378,61672
66378,62074
66378,62378
66378,62944
66378,63360
66378,63510
66465,1304
66465,1370
66465,1372
66465,10652
66465,11262
66465,16358
66465,30500
66465,35732
66465,35846
66465,39186
66465,44302
66465,50716
66465,56714
66465,57414
66465,59396
66465,61542
66465,62944
66465,63186
66465,63188
66465,63360
66465,63418
66465,63510
66777,1304
66777,1370
66777,1372
66777,10652
66777,11262
66777,30500
66777,33886
66777,35732
66777,39186
66777,44302
66777,49888
66777,50268
66777,50716
66777,50720
66777,56696
66777,56714
66777,57414
66777,59822
66777,61280
66777,61364
66777,61542
66777,61558
66777,62074
66777,62170
66777,62274
66777,62376
66777,63188
66777,63510
66843,1304
66843,1370
66843,1372
66843,10652
66843,11262
66843,30500
66843,33886
66843,34092
66843,35732
66843,35846
66843,39186
66843,44302
66843,50716
66843,50718
66843,52918
66843,53160
66843,54096
66843,56714
66843,57414
66843,59396
66843,61028
66843,61280
66843,61364
66843,61672
66843,62274
66843,62944
66843,63188
66843,63510
66879,1304
66879,1370
66879,1372
66879,11262
66879,30500
66879,33886
66879,35732
66879,50716
66879,50718
66879,56714
66879,57414
66879,61364
66879,61542
66879,63188
66879,63510
66915,1370
66915,11262
66915,50716
66918,1304
66918,1370
66918,61542
66918,63188
66924,1304
66924,1370
66924,11262
66924,57414
66924,61364
66924,61542
67056,1304
67056,1370
67056,1372
67056,62376
67158,1304
67158,1370
67158,10652
67158,11262
67158,30500
67158,35732
67158,39186
67158,50716
67158,56714
67158,61542
67314,1304
67314,1370
67314,11262
67314,56714
67335,1304
67335,1372
67335,57414
67335,63188
67371,1304
67371,1370
67371,16358
67371,35732
67371,35846
67371,50716
67371,61542
67371,63510
67740,1304
67740,1370
67740,11262
67740,35732
67740,62274
67764,1304
67764,1370
67764,11262
67764,35732
67827,1304
67827,1370
67827,11262
67827,33886
67827,61542
68496,1304
68496,1370
68496,10652
68496,11262
68496,30500
68496,34092
68496,49888
68496,50718
68496,52918
68496,53046
68496,57414
68496,59822
68496,61542
68496,61672
68496,62944
68496,63510
68568,1304
68568,1370
68568,1372
68568,11262
68568,61364
68568,63188
68676,1304
68676,1370
68676,1372
68676,11262
68676,30500
68676,33886
68676,35846
68676,39186
68676,50716
68676,56714
68676,57414
68676,61542
68676,63188
68676,63510
69060,1304
69060,1370
69060,30500
69060,56696
69060,56714
69060,57414
69060,61542
69060,63188
69249,1370
69249,30500
69249,50718
69249,63510
70890,1304
70890,33886
70890,50270
70890,56714
71271,124
71271,1304
71271,1370
71271,1372
71271,3382
71271,10652
71271,10808
71271,11262
71271,11490
71271,16358
71271,30500
71271,32496
71271,33534
71271,33886
71271,34092
71271,35732
71271,35846
71271,36720
71271,36722
71271,36762
71271,39186
71271,42132
71271,44302
71271,45912
71271,48298
71271,48980
71271,50270
71271,50272
71271,50274
71271,50716
71271,50720
71271,51974
71271,52918
71271,53160
71271,53386
71271,53406
71271,54096
71271,54290
71271,56714
71271,57414
71271,57804
71271,59396
71271,59816
71271,61028
71271,61280
71271,61348
71271,61364
71271,61542
71271,61558
71271,62400
71271,62616
71271,62944
71271,63136
71271,63186
71271,63188
71271,63360
71271,63510
71274,124
71274,1304
71274,1370
71274,1372
71274,3382
71274,10652
71274,10808
71274,11262
71274,11490
71274,16358
71274,30500
71274,32496
71274,33534
71274,33886
71274,34092
71274,35732
71274,35846
71274,36720
71274,36722
71274,36762
71274,39186
71274,42132
71274,45912
71274,48298
71274,48980
71274,50270
71274,50272
71274,50274
71274,50716
71274,50720
71274,51974
71274,52918
71274,53160
71274,53386
71274,53406
71274,54096
71274,54290
71274,54864
71274,56714
71274,57414
71274,57804
71274,59396
71274,59816
71274,61028
71274,61280
71274,61348
71274,61364
71274,61542
71274,62400
71274,62616
71274,62944
71274,63136
71274,63188
71274,63360
71274,63510
71301,1304
71301,1370
71301,1372
71301,11262
71301,30500
71301,56714
71301,57414
71301,61542
71301,63188
71301,63510
71409,1304
71409,1370
71409,16358
71409,35732
71409,61542
71766,1304
71766,1370
71766,1372
71766,10652
71766,11262
71766,30500
71766,35732
71766,39186
71766,44302
71766,49888
71766,50716
71766,54096
71766,56714
71766,57414
71766,59822
71766,61280
71766,61364
71766,61542
71766,61558
71766,61560
71766,61672
71766,62170
71766,62274
71766,63188
71766,63510
72027,1370
72045,1304
72045,1370
72045,1372
72045,10652
72045,11262
72045,16358
72045,30500
72045,32496
72045,35732
72045,35846
72045,39186
72045,42132
72045,44302
72045,49888
72045,50270
72045,50716
72045,53160
72045,53394
72045,54096
72045,56714
72045,57414
72045,59396
72045,59822
72045,61028
72045,61280
72045,61364
72045,61542
72045,61672
72045,62074
72045,62274
72045,62400
72045,62944
72045,63136
72045,63188
72045,63360
72045,63510
72108,1304
72108,1370
72108,1372
72108,11262
72108,33886
72108,35732
72108,50716
72108,61542
72108,62074
72108,63188
72117,1304
72117,1370
72117,1372
72117,10652
72117,11262
72117,30500
72117,34092
72117,35732
72117,39186
72117,44302
72117,50716
72117,54096
72117,56714
72117,57414
72117,57804
72117,59396
72117,61364
72117,61542
72117,62400
72117,63188
72117,63510
72312,1304
72312,1370
72312,3382
72312,10652
72312,11262
72312,30500
72312,33886
72312,56714
72312,57414
72312,59396
72312,61542
72483,124
72483,1304
72483,1370
72483,10652
72483,11262
72483,16358
72483,30500
72483,33886
72483,34092
72483,35732
72483,39186
72483,44302
72483,50270
72483,50274
72483,50716
72483,50718
72483,53160
72483,53394
72483,56696
72483,56714
72483,57414
72483,59396
72483,59822
72483,61028
72483,61280
72483,61542
72483,61558
72483,61672
72483,62376
72483,62400
72483,62618
72483,62944
72483,63136
72483,63360
72483,63418
72483,63510
72558,1304
72558,1370
72558,1372
72558,10652
72558,11262
72558,30500
72558,35846
72558,39186
72558,50716
72558,53160
72558,56696
72558,56714
72558,57414
72558,61364
72558,61542
72558,61672
72558,62074
72558,62944
72558,63188
72558,63510
72561,1304
72561,1370
72561,1372
72561,10652
72561,11262
72561,30500
72561,33886
72561,35732
72561,39186
72561,50716
72561,56696
72561,57414
72561,59822
72561,61542
72561,63188
72561,63510
72645,1304
72645,1370
72645,10652
72645,11262
72645,33886
72645,35732
72645,50716
72645,57414
72645,59822
72645,61542
72645,63510
72900,1304
72900,1370
72900,1372
72900,11262
72900,30500
72900,33886
72900,34092
72900,35732
72900,50716
72900,56714
72900,57414
72900,61542
72900,62074
72900,62944
72900,63360
72900,63510
72918,1304
72918,1370
72918,1372
72918,10652
72918,11262
72918,33886
72918,35732
72918,39186
72918,50716
72918,56714
72918,57414
72918,59822
72918,61364
72918,61542
72918,61672
72918,62074
72918,62170
72918,62376
72918,62378
72918,63188
72918,63510
72930,124
72930,1304
72930,1370
72930,1372
72930,10652
72930,10808
72930,11262
72930,16358
72930,30500
72930,32496
72930,33534
72930,33886
72930,35732
72930,35846
72930,39186
72930,42132
72930,44302
72930,48298
72930,50270
72930,50272
72930,50274
72930,50716
72930,50718
72930,50720
72930,53160
72930,53406
72930,54096
72930,56714
72930,57414
72930,57804
72930,59394
72930,59396
72930,59816
72930,59822
72930,61028
72930,61280
72930,61364
72930,61542
72930,61558
72930,61672
72930,62074
72930,62170
72930,62376
72930,62400
72930,62944
72930,63136
72930,63186
72930,63188
72930,63218
72930,63220
72930,63360
72930,63418
72930,63510
75723,1304
75723,1370
75723,1372
75723,10652
75723,10808
75723,11262
75723,35732
75723,35846
75723,52918
75723,56696
75723,61280
75723,61542
75723,61552
75723,61558
75723,61560
75723,63188
75723,63418
75723,63510
77484,1304
77484,1370
77484,1372
77484,10652
77484,11262
77484,30500
77484,32496
77484,33886
77484,35732
77484,35846
77484,39186
77484,50274
77484,50716
77484,51974
77484,53160
77484,53394
77484,54096
77484,56696
77484,56714
77484,57414
77484,57804
77484,59396
77484,59822
77484,61028
77484,61364
77484,61542
77484,61552
77484,61558
77484,62074
77484,62376
77484,62378
77484,62944
77484,63136
77484,63188
77484,63360
77484,63510
80925,1304
80925,1370
80925,11262
80925,50716
80925,59822
80925,61542
80925,62944
88821,1304
88821,1370
88821,1372
88821,11262
88821,11490
88821,30500
88821,35846
88821,39186
88821,44302
88821,49888
88821,50716
88821,50718
88821,50720
88821,56696
88821,56714
88821,57414
88821,59822
88821,61552
88821,62074
88821,62944
88821,63188
88920,124
88920,1304
88920,1370
88920,1372
88920,10652
88920,10808
88920,11262
88920,30500
88920,33886
88920,35732
88920,39186
88920,44302
88920,50270
88920,50272
88920,50274
88920,50716
88920,54096
88920,56714
88920,57414
88920,57804
88920,59394
88920,59396
88920,59822
88920,61028
88920,61364
88920,61542
88920,61558
88920,61672
88920,62944
88920,63188
88920,63510
89013,1370
89013,11262
89013,30500
89013,35732
89013,56714
89013,63188
95988,1370
95988,1372
95988,35732
95988,50720
95988,57414
95988,63188
95988,63360
96138,1304
96138,1370
96138,11262
96138,35732
96138,57414
96138,61542
96444,1304
96444,1370
96444,1372
96444,10652
96444,11262
96444,30500
96444,33886
96444,35732
96444,39186
96444,50716
96444,50718
96444,56714
96444,57414
96444,59822
96444,61364
96444,61542
96444,61672
96444,62074
96444,62170
96444,62376
96444,62944
96444,63188
96444,63218
96444,63418
96444,63510
123150,1304
123150,1370
123150,11262
123150,33886
123150,35732
123150,49888
123150,61542
128334,1370
128334,1372
128334,11262
128334,30500
128334,35732
128334,39186
128334,44664
128334,50718
128334,50720
128334,50968
128334,50970
128334,54096
128334,59822
128334,61560
128334,62376
128334,63188
128469,1304
128469,1370
128469,11262
128469,30500
128469,34092
128469,50716
128469,50718
128469,56714
128469,57414
128469,59822
128469,61542
128469,62074
128469,63188
128469,63510
128502,1304
128502,1370
128502,1372
128502,10652
128502,11262
128502,30500
128502,33886
128502,34092
128502,35732
128502,35846
128502,39186
128502,44302
128502,49888
128502,50270
128502,50272
128502,50274
128502,50716
128502,50718
128502,54096
128502,56696
128502,56714
128502,57414
128502,59394
128502,59396
128502,59822
128502,61028
128502,61364
128502,61542
128502,61560
128502,62074
128502,62274
128502,62944
128502,63188
128502,63510
128526,124
128526,1304
128526,1370
128526,1372
128526,10652
128526,11262
128526,16358
128526,30500
128526,32496
128526,33534
128526,33886
128526,34092
128526,35732
128526,35846
128526,39186
128526,44302
128526,48298
128526,48980
128526,49888
128526,50270
128526,50274
128526,50716
128526,50718
128526,50720
128526,51974
128526,53160
128526,54096
128526,56696
128526,56714
128526,57414
128526,57804
128526,59394
128526,59396
128526,59822
128526,61028
128526,61280
128526,61364
128526,61542
128526,61558
128526,61560
128526,61672
128526,62074
128526,62170
128526,62274
128526,62376
128526,62400
128526,62944
128526,63136
128526,63186
128526,63188
128526,63218
128526,63360
128526,63418
128526,63510
128538,1304
128538,1370
128538,1372
128538,10652
128538,11262
128538,30500
128538,39186
128538,49888
128538,50716
128538,50718
128538,52918
128538,56714
128538,57414
128538,61364
128538,61542
128538,62860
128538,62944
128538,63188
128538,63510
128604,1304
128604,1370
128604,1372
128604,10652
128604,11262
128604,30500
128604,39186
128604,50716
128604,50718
128604,54096
128604,56714
128604,57414
128604,61364
128604,61542
128604,63188
128685,1370
128700,56714
128763,1304
128763,1370
128763,11262
128763,30500
128763,39186
128763,49888
128763,50270
128763,56714
128763,57414
128763,62944
128763,63188
128901,1304
128901,1370
128901,11262
128901,30500
128901,34092
128901,50268
128901,50716
128901,50718
128901,56714
128901,57414
128901,59822
128901,61364
128901,61542
128901,62376
128901,63188
128901,63360
129081,1304
129081,1370
129081,1372
129081,10652
129081,11262
129081,16358
129081,30500
129081,32496
129081,33886
129081,34092
129081,35732
129081,35846
129081,39186
129081,44302
129081,49888
129081,50270
129081,50274
129081,50716
129081,50718
129081,54096
129081,56714
129081,57414
129081,57804
129081,59396
129081,59822
129081,61028
129081,61542
129081,61672
129081,62074
129081,62944
129081,63136
129081,63188
129081,63418
129135,1304
129135,1370
129135,1372
129135,10652
129135,11262
129135,30500
129135,34092
129135,35732
129135,39186
129135,49888
129135,50274
129135,50716
129135,50718
129135,54096
129135,55798
129135,56714
129135,57414
129135,61364
129135,61542
129135,61558
129135,62074
129135,62860
129135,63188
129135,63510
129153,1304
129153,1370
129153,11262
129153,30500
129153,35846
129153,50716
129153,56714
129153,57414
129153,61542
129153,63510
129204,1304
129204,1372
129204,10652
129204,11262
129204,30500
129204,33886
129204,39186
129204,57414
129204,59822
129204,61542
129204,63188
129204,63418
129264,1304
129264,1370
129264,1372
129264,11262
129264,16358
129264,33534
129264,35732
129264,35846
129264,50718
129264,56696
129264,57414
129264,61542
129264,61552
129264,62074
129264,63188
139272,1304
139272,1372
139272,10652
139272,11262
139272,30500
139272,33886
139272,35732
139272,39186
139272,44302
139272,48574
139272,50716
139272,54096
139272,56696
139272,56714
139272,57414
139272,61028
139272,61542
139272,63188
139272,63510
140277,1304
140277,1370
140277,10652
140277,11262
140277,16358
140277,33886
140277,56696
140277,61542
148782,1304
148782,30500
148782,33886
148782,34092
148782,57414
148782,59822
148782,61542
148782,63510
149634,1304
149634,10652
149634,11262
149634,30500
149634,35732
149634,50716
149634,57414
149634,61542
149634,61672
149634,63510
153024,1304
153024,1370
153024,11262
153024,61542
153048,1304
153048,1370
153048,1372
153048,10652
153048,11262
153048,30500
153048,35732
153048,39186
153048,50716
153048,56714
153048,57414
153048,59822
153048,61364
153048,61542
153048,61558
153048,61560
153048,62074
153048,62376
153048,63188
153048,63360
153072,1304
153072,1370
153072,1372
153072,11262
153072,61542
153072,63188
153084,1304
153084,1370
153084,1372
153084,10652
153084,11262
153084,33886
153084,35732
153084,39186
153084,48574
153084,50716
153084,57414
153084,59822
153084,61364
153084,61542
153084,62944
153084,63188
153084,63510
153138,1304
153138,1370
153138,10652
153138,11262
153138,30500
153138,33886
153138,35732
153138,56714
153138,61542
153138,61560
153138,63188
153141,1304
153141,10652
153141,11262
153141,30500
153141,61542
153141,63188
153150,1304
153150,1370
153150,1372
153150,11262
153150,30500
153150,39186
153150,56714
153150,57414
153150,59822
153150,61364
153150,61542
153150,63188
153150,63510
153204,1304
153204,1370
153204,1372
153204,10652
153204,11262
153204,30500
153204,39186
153204,42132
153204,50718
153204,57414
153204,61364
153204,61542
153204,62170
153204,63186
153204,63188
153279,1304
153279,1370
153279,11262
153279,35732
153279,59822
153279,61542
153288,1370
153288,56714
153288,63188
153303,124
153303,1304
153303,1370
153303,1372
153303,10652
153303,11262
153303,30500
153303,35732
153303,35846
153303,50270
153303,50716
153303,50718
153303,56714
153303,57414
153303,59396
153303,61364
153303,61542
153303,61552
153303,61560
153303,61672
153303,62074
153303,62274
153303,62376
153303,62378
153303,62944
153303,63188
153303,63510
153309,1304
153309,1370
153309,11262
153309,35732
153309,61542
153312,1304
153312,1370
153312,1372
153312,10652
153312,11262
153312,30500
153312,35732
153312,39186
153312,50718
153312,54096
153312,56714
153312,57414
153312,61542
153312,61560
153312,63188
153312,63510
153315,1304
153315,1370
153315,1372
153315,10652
153315,11262
153315,57414
153315,61542
153315,63188
153315,63510
153348,11262
153348,30500
153348,56714
153381,1304
153381,1370
153381,1372
153381,11262
153381,11490
153381,33886
153381,50272
153381,56714
153381,57414
153381,59394
153381,59822
153381,61364
153381,61542
153381,63188
153402,1304
153402,1370
153402,10652
153402,11262
153402,35732
153402,57414
153402,61542
153402,63188
153423,1370
153423,1372
153423,48574
153423,63188
153438,1304
153438,1370
153438,1372
153438,11262
153438,35732
153438,35846
153438,57414
153438,61364
153438,61542
153438,61552
153438,63188
153600,1304
153600,1372
153600,11262
153600,35732
153600,39186
153600,57414
153600,61364
153600,63188
153642,1304
153642,1370
153642,1372
153642,57414
153642,63188
153645,1304
153645,1370
153645,11262
153645,30500
153645,35732
153669,1304
153669,1372
153669,42132
153669,63186
153669,63188
153675,1372
153675,35732
153675,63188
153720,1304
153720,1370
153720,30500
153720,33886
153720,39186
153720,61364
153720,63188
153726,1370
153726,1372
153726,57414
153726,63188
153744,1304
153744,1372
153744,11262
153744,35846
153744,61542
153744,63188
153756,1304
153756,1370
153756,1372
153756,10652
153756,11262
153756,30500
153756,35732
153756,35846
153756,42132
153756,50716
153756,54096
153756,56696
153756,56714
153756,57414
153756,59816
153756,61028
153756,61364
153756,61542
153756,61552
153756,61558
153756,61560
153756,61672
153756,62074
153756,63186
153756,63188
153756,63510
153765,1304
153765,1370
153765,1372
153765,10652
153765,63188
153792,1304
153792,1370
153792,1372
153792,10652
153792,11262
153792,32496
153792,33886
153792,34092
153792,35732
153792,39186
153792,44302
153792,48980
153792,50716
153792,54096
153792,57414
153792,59396
153792,61280
153792,62944
153792,63186
153792,63188
153792,63218
153792,63510
153792,63538
153813,63186
153813,63188
153867,1304
153867,1370
153867,1372
153867,10652
153867,11262
153867,33886
153867,35732
153867,35846
153867,50716
153867,56714
153867,57414
153867,61364
153867,61542
153867,63188
153882,1304
153882,1370
153885,1304
153885,1370
153885,1372
153885,10652
153885,11262
153885,30500
153885,34092
153885,35732
153885,39186
153885,48980
153885,49888
153885,50716
153885,56714
153885,57414
153885,59822
153885,61364
153885,61542
153885,62074
153885,62170
153885,62376
153885,63188
153885,63510
153888,1304
153888,1370
153888,10652
153888,11262
153888,30500
153888,34092
153888,35732
153888,39186
153888,50716
153888,56714
153888,57414
153888,62170
153888,62944
153912,1304
153912,61542
153960,1304
153960,1370
153960,1372
153960,10652
153960,11262
153960,30500
153960,54096
153960,57414
153960,61364
153960,61542
153960,62944
153960,63188
153960,63510
153999,1304
153999,1370
153999,11262
153999,56714
153999,61542
153999,63510
154008,1304
154008,1370
154008,1372
154008,56714
154011,1304
154011,1370
154011,1372
154011,10652
154011,11262
154011,30500
154011,33886
154011,34092
154011,35732
154011,50274
154011,50716
154011,53160
154011,56714
154011,57414
154011,59394
154011,59822
154011,61348
154011,61542
154011,62074
154011,62170
154011,62274
154011,63188
154011,63418
154011,63510
154032,1304
154032,1370
154032,1372
154032,10652
154032,11262
154032,16358
154032,30500
154032,35732
154032,35846
154032,36720
154032,50716
154032,50718
154032,52918
154032,56696
154032,57414
154032,59822
154032,61542
154032,61552
154032,63188
154032,63360
154035,1304
154035,1370
154035,1372
154035,10652
154035,57414
154035,63188
154041,1304
154041,1370
154041,10652
154041,11262
154041,30500
154041,35732
154041,56714
154041,57414
154041,59822
154041,61542
154041,63188
154068,124
154068,1304
154068,1370
154068,1372
154068,11262
154068,33886
154068,50716
154068,57414
154068,61364
154068,61542
154068,62376
154068,63188
154068,63510
154077,1304
154077,1370
154077,11262
154077,30500
154077,33886
154077,35732
154077,56714
154077,57414
154077,59822
154077,61542
154098,1304
154098,1370
154098,11262
154098,16358
154098,30500
154098,50718
154098,57414
154098,61542
154113,1304
154113,1370
154113,1372
154113,11262
154113,30500
154113,50716
154113,54096
154113,56714
154113,57414
154113,61364
154113,61542
154113,63188
154119,1304
154119,1370
154119,1372
154119,10652
154119,11262
154119,30500
154119,39186
154119,50274
154119,56696
154119,59822
154119,61028
154119,61280
154119,61364
154119,63188
154146,1304
154146,1370
154146,1372
154146,10652
154146,11262
154146,30500
154146,33886
154146,50274
154146,50716
154146,50718
154146,56696
154146,56714
154146,57414
154146,61348
154146,61364
154146,61542
154146,62074
154146,63188
154167,1304
154167,1370
154167,1372
154167,10652
154167,10808
154167,11262
154167,11490
154167,30500
154167,35732
154167,39186
154167,49888
154167,50716
154167,50718
154167,50720
154167,53046
154167,57414
154167,59822
154167,61280
154167,61364
154167,61542
154167,61558
154167,62074
154167,62170
154167,62274
154167,62400
154167,63186
154167,63188
154167,63218
154167,63360
154167,63418
154167,63510
154245,1304
154245,1370
154245,1372
154245,10652
154245,11262
154245,33886
154245,39186
154245,59822
154245,61364
154245,61542
154245,63188
154275,1304
154275,1370
154275,1372
154275,10652
154275,11262
154275,16358
154275,30500
154275,33886
154275,34092
154275,35732
154275,35846
154275,39186
154275,42132
154275,50270
154275,56714
154275,57414
154275,59816
154275,61364
154275,61542
154275,61560
154275,62074
154275,62376
154275,62944
154275,63186
154275,63188
154275,63510
154374,1304
154374,1372
154374,11262
154374,11490
154374,35846
154374,39186
154374,50274
154374,50716
154374,63188
154383,1304
154383,1370
154383,11262
154383,50274
154404,1370
154404,10652
154404,11262
154404,30500
154404,35732
154404,50718
154404,57414
154404,63188
154434,1304
154434,1370
154434,1372
154434,10652
154434,39186
154434,57414
154434,61364
154434,63188
154473,1304
154473,1370
154473,1372
154473,11262
154473,33886
154473,56714
154473,57414
154473,61542
154473,62074
154476,124
154476,1304
154476,1370
154476,1372
154476,10652
154476,35732
154476,50716
154476,52918
154476,57414
154476,59822
154476,61542
154476,63510
154485,1304
154485,1370
154485,1372
154485,11262
154485,35732
154485,57414
154485,59822
154485,61672
154485,62074
154485,62170
154485,62376
154485,63188
154494,1304
154494,1370
154494,1372
154494,10652
154494,11262
154494,33886
154494,35732
154494,39186
154494,50716
154494,57414
154494,59822
154494,61364
154494,61542
154494,61558
154494,61672
154494,62074
154494,63188
154494,63218
154494,63510
154506,1304
154506,1370
154506,10652
154506,50716
154506,57414
154506,63188
154509,1304
154509,1370
154509,11262
154509,59822
154509,61542
154518,1304
154518,1370
154518,34092
154518,61542
154518,63188
154542,1304
154542,1370
154542,1372
154542,11262
154542,49888
154542,50716
154542,50718
154542,57414
154542,59822
154542,61364
154542,62170
154542,62944
154542,63188
154542,63510
154551,1304
154551,1370
154551,1372
154551,11262
154551,30500
154551,33886
154551,44302
154551,49888
154551,50716
154551,61364
154551,61542
154551,62944
154551,63188
154551,63510
154560,1304
154560,1370
154560,11262
154560,30500
154560,59822
154560,61542
154578,1304
154578,1370
154578,1372
154578,10652
154578,11262
154578,16358
154578,30500
154578,33534
154578,35732
154578,35846
154578,39186
154578,49888
154578,50716
154578,56714
154578,57414
154578,59822
154578,61364
154578,61542
154578,61552
154578,61558
154578,61560
154578,62074
154578,62376
154578,63188
154665,1304
154665,1370
154665,1372
154665,10652
154665,11262
154665,30500
154665,35846
154665,39186
154665,42132
154665,50270
154665,57414
154665,59396
154665,59816
154665,61364
154665,61542
154665,61552
154665,63186
154665,63188
154665,63510
154698,60
154698,10808
154698,34092
154698,36720
154698,50274
154698,51316
154698,56714
154698,57804
154698,63136
154707,124
154707,1304
154707,1370
154707,1372
154707,11262
154707,30500
154707,33534
154707,35732
154707,39186
154707,49888
154707,50716
154707,50718
154707,54096
154707,56696
154707,56714
154707,57414
154707,61280
154707,61364
154707,61542
154707,61558
154707,61560
154707,62616
154707,63188
154707,63510
154713,1304
154713,1370
154713,1372
154713,10652
154713,11262
154713,30500
154713,34092
154713,35732
154713,39186
154713,44302
154713,50274
154713,50716
154713,54096
154713,57414
154713,59396
154713,61028
154713,61542
154713,62944
154713,63188
154740,1304
154740,1370
154740,1372
154740,11262
154740,35732
154740,39186
154740,56714
154740,59822
154740,62074
154740,63188
154743,1304
154743,1370
154743,1372
154743,35846
154743,56714
154743,59822
154743,61364
154743,61542
154743,63186
154743,63188
154743,63418
154758,1304
154758,1370
154758,11262
154758,11490
154758,16358
154758,33886
154758,35846
154758,61542
154758,63186
154770,1304
154770,1370
154770,1372
154770,11262
154770,30500
154770,34092
154770,39186
154770,49888
154770,50716
154770,50718
154770,56714
154770,57414
154770,59822
154770,61364
154770,61542
154770,63188
154770,63510
154779,1304
154779,10652
154779,30500
154779,50716
154779,54096
154779,57414
154779,63188
154779,63540
154797,124
154797,1304
154797,1370
154797,1372
154797,10652
154797,11262
154797,30500
154797,33886
154797,34092
154797,35732
154797,35846
154797,39186
154797,44302
154797,49888
154797,50270
154797,50274
154797,50716
154797,54096
154797,57414
154797,59394
154797,59822
154797,61028
154797,61280
154797,61364
154797,61542
154797,61672
154797,62376
154797,62944
154797,63186
154797,63188
154797,63360
154797,63418
154797,63510
154803,1304
154803,1370
154803,1372
154803,11262
154803,35732
154803,50720
154803,61364
154803,61542
154803,63188
154803,63418
154812,42132
154821,1304
154821,1370
154821,1372
154821,10652
154821,11262
154821,30500
154821,33886
154821,35732
154821,39186
154821,50716
154821,50718
154821,56714
154821,61364
154821,62274
154821,63188
154827,1370
154827,1372
154827,11262
154827,33886
154827,61364
154827,63188
154869,1304
154869,1370
154869,1372
154869,11262
154869,30500
154869,33886
154869,59822
154869,61542
154869,62170
154869,62376
154869,63188
154881,1304
154881,1370
154881,1372
154881,10652
154881,11262
154881,30500
154881,39186
154881,49888
154881,50716
154881,50718
154881,53160
154881,54096
154881,56714
154881,57414
154881,57804
154881,61280
154881,61364
154881,61542
154881,61558
154881,61560
154881,62170
154881,62274
154881,62944
154881,63188
154881,63218
154881,63418
154881,63510
154887,1304
154887,1370
154887,1372
154887,11262
154887,50274
154887,56714
154887,61364
154887,61542
154887,62074
154887,63188
154890,1304
154890,1370
154890,1372
154890,10652
154890,11262
154890,11490
154890,16358
154890,30500
154890,33886
154890,34092
154890,35732
154890,35846
154890,39186
154890,44302
154890,48980
154890,50270
154890,50272
154890,50274
154890,50716
154890,53160
154890,56714
154890,57414
154890,59396
154890,61028
154890,61364
154890,61542
154890,61552
154890,61560
154890,61672
154890,62944
154890,63188
154890,63360
154890,63510
154953,1372
154953,11262
154953,30500
154953,33886
154953,39186
154953,50716
154953,59396
154953,63188
154956,1304
154956,1370
154956,1372
154956,10652
154956,11262
154956,30500
154956,35732
154956,39186
154956,42132
154956,50716
154956,57414
154956,61364
154956,61542
154956,63186
154956,63188
154998,1304
154998,1372
154998,11262
154998,30500
154998,33886
154998,35732
154998,63188
155031,1304
155031,1372
155031,35732
155031,39186
155031,57414
155031,61364
155031,63188
155031,63360
155034,1304
155034,1370
155034,61542
155043,1370
155043,1372
155043,63188
155043,63218
155052,1304
155052,1370
155052,34092
155052,35732
155052,56714
155055,1304
155055,1370
155055,1372
155055,10652
155055,30500
155055,33886
155055,50716
155055,56714
155055,57414
155055,61542
155055,63188
155085,1304
155085,1370
155085,1372
155085,10652
155085,30500
155085,50270
155085,50716
155085,56714
155085,61280
155085,61364
155085,61542
155085,61672
155085,63510
155097,1304
155097,1370
155097,1372
155097,10652
155097,11262
155097,16358
155097,30500
155097,35732
155097,35846
155097,50274
155097,56714
155097,57414
155097,59822
155097,61364
155097,61542
155097,61552
155097,61558
155097,61560
155097,62074
155097,63188
155097,63510
155100,1304
155100,1370
155100,11262
155100,35732
155106,1304
155106,1370
155106,11262
155106,30500
155106,33886
155106,35732
155106,49888
155106,50716
155106,56714
155106,57414
155106,63510
155271,1304
155271,1370
155271,50718
155337,1304
155337,1370
155337,10652
155337,11262
155337,30500
155337,35732
155337,50716
155388,1304
155388,1370
155388,1372
155388,10652
155388,11262
155388,30500
155388,33886
155388,35732
155388,39186
155388,50718
155388,56696
155388,57414
155388,61280
155388,61542
155388,62274
155403,1304
155403,1370
155403,11262
155403,30500
155403,33886
155403,35846
155403,48574
155403,50716
155403,56714
155403,61542
155403,63188
155403,63510
155481,1304
155481,30500
155481,33886
155481,35732
155481,35846
155481,61542
155556,124
155556,1304
155556,1370
155556,1372
155556,3382
155556,10652
155556,11262
155556,30500
155556,33886
155556,35732
155556,39186
155556,44302
155556,50268
155556,50270
155556,50716
155556,54096
155556,56696
155556,56714
155556,57414
155556,59396
155556,59822
155556,61348
155556,61542
155556,62376
155556,62944
155556,63188
155556,63360
155556,63510
156024,1370
156024,1372
156024,10652
156024,57414
156024,63188
156057,124
156057,1304
156057,1370
156057,1372
156057,10652
156057,10808
156057,11262
156057,30500
156057,32496
156057,35732
156057,36720
156057,36762
156057,39186
156057,44302
156057,50270
156057,50272
156057,50274
156057,50716
156057,50718
156057,50720
156057,51974
156057,52918
156057,53160
156057,53406
156057,54096
156057,54290
156057,56714
156057,57414
156057,57804
156057,59394
156057,59396
156057,60522
156057,61028
156057,61280
156057,61348
156057,61364
156057,61542
156057,61672
156057,62074
156057,62400
156057,62944
156057,63136
156057,63188
156057,63360
156057,63418
156057,63510
156057,63540
156063,1304
156063,1370
156063,10808
156063,11262
156063,30500
156063,35732
156063,35846
156063,56714
156063,61542
156225,1370
156225,1372
156225,61364
156225,63188
156486,1304
156486,1370
156486,1372
156486,10652
156486,11262
156486,30500
156486,35732
156486,35846
156486,39186
156486,44302
156486,50716
156486,50718
156486,56714
156486,57414
156486,59394
156486,59396
156486,61542
156486,61552
156486,61672
156486,62074
156486,62944
156486,63188
156486,63510
156489,1304
156489,1370
156489,1372
156489,30500
156489,33886
156489,59394
156489,63188
157080,1304
157080,11262
157080,61542
157185,1304
157185,1370
157185,1372
157185,10652
157185,11262
157185,30500
157185,39186
157185,44302
157185,50716
157185,56714
157185,57414
157185,61542
157185,62376
157185,62944
157185,63188
157224,1304
157224,1370
157224,1372
157224,10652
157224,11262
157224,16358
157224,30500
157224,35732
157224,35846
157224,44302
157224,50272
157224,50274
157224,50716
157224,56714
157224,57414
157224,59394
157224,59396
157224,61542
157224,61552
157224,61560
157224,62074
157224,62376
157224,62378
157224,62944
157224,63188
157224,63510
157236,1304
157236,1370
157236,11262
157311,1372
157311,11262
157311,30500
157398,1304
157398,1370
157398,1372
157398,11262
157398,30500
157398,33886
157398,35732
157398,35846
157398,39186
157398,49888
157398,50716
157398,56714
157398,57414
157398,59822
157398,61542
157398,62170
157398,62376
157398,62378
157398,63188
157416,1304
157416,1370
157416,11262
157416,34092
157416,48574
157416,56714
157416,57414
157416,61542
157500,1304
157500,1370
157500,1372
157500,10652
157500,11262
157500,30500
157500,32496
157500,33886
157500,34092
157500,35732
157500,39186
157500,44302
157500,49888
157500,50274
157500,50716
157500,53160
157500,54096
157500,56714
157500,57414
157500,61280
157500,61364
157500,61542
157500,62074
157500,62944
157500,63188
157500,63220
157500,63360
157500,63510
157680,1304
157680,1370
157680,1372
157680,30500
157680,61542
157680,62074
157680,63188
157710,1304
157710,1370
157710,11262
157710,33886
157767,1304
157767,1370
157767,1372
157767,10652
157767,11262
157767,30500
157767,33886
157767,34092
157767,35732
157767,39186
157767,44302
157767,50716
157767,56714
157767,57414
157767,59396
157767,59822
157767,61028
157767,61280
157767,61364
157767,61542
157767,61560
157767,62376
157767,62944
157767,63188
157767,63418
157767,63510
157854,60
157854,1304
157854,1372
157854,50274
157854,56714
157854,57804
157854,61348
157854,63188
157938,1304
157938,1370
157938,1372
157938,10652
157938,11262
157938,30500
157938,35732
157938,49888
157938,50716
157938,56714
157938,57414
157938,59822
157938,61542
157938,61560
157938,62170
157938,62376
157938,63188
157938,63510
158016,1304
158016,10652
158016,11262
158016,33886
158016,39186
158016,50716
158016,56714
158016,57414
158016,59822
158016,61542
158016,62074
158016,63188
158016,63510
158274,1304
158274,1370
158274,10652
158274,11262
158274,30500
158274,34092
158274,54096
158274,56714
158274,57414
158274,59394
158274,59396
158274,59822
158274,61542
158274,61558
158274,61560
158274,62074
158274,62274
158274,62376
158274,63220
158274,63510
158499,1304
158499,1370
158499,1372
158499,10652
158499,11262
158499,30500
158499,33886
158499,34092
158499,35732
158499,39186
158499,56714
158499,57414
158499,61028
158499,61542
158499,63188
158499,63510
158610,1304
158610,11262
158610,33886
158610,35732
158610,44302
158610,50716
158610,50968
158610,50970
158610,59822
158610,62074
158610,62170
158610,62376
158610,62944
158610,63360
158658,1304
158658,1370
158658,10652
158658,11262
158658,30500
158658,35732
158658,39186
158658,56714
158658,57414
158658,59822
158658,61542
158658,62376
158658,63510
158685,1370
158685,1372
158685,10652
158685,11262
158685,30500
158685,39186
158685,50716
158685,56714
158685,61542
158685,61672
158685,62944
158742,1304
158742,1370
158742,10652
158742,11262
158742,30500
158742,35732
158742,56714
158742,61542
158742,61560
158742,61672
158766,11262
158766,30500
158766,33886
158766,39186
158766,50716
159027,1304
159027,1372
159027,35732
159027,63186
159027,63510
159033,1304
159033,1370
159033,1372
159033,10652
159033,11262
159033,33886
159033,35732
159033,39186
159033,50716
159033,56714
159033,57414
159033,61364
159033,61542
159033,62170
159033,63188
159033,63510
159330,1304
159330,1370
159330,11262
159330,16358
159330,35732
159330,49888
159330,50716
159330,53160
159330,56714
159330,63360
159831,1370
159831,1372
159831,11262
159831,35732
159831,50716
159831,54096
159831,57414
159831,61364
159831,61560
159831,62170
159831,62378
159831,63188
159831,63510
160029,1304
160029,1370
160029,1372
160029,11262
160029,30500
160029,33886
160029,44302
160029,50716
160029,50718
160029,56714
160029,57414
160029,61364
160029,61542
160029,63360
160029,63510
160770,1304
160770,1370
160770,1372
160770,11262
160770,30500
160770,34092
160770,50716
160770,56714
160770,57414
160770,61364
160770,61542
160770,63188
160770,63510
161058,1304
161058,1370
161058,11262
161058,30500
161058,33886
161058,35732
161058,35846
161058,49888
161058,57414
161058,59822
161208,1304
161208,1370
161208,11262
161208,33886
161208,35846
161208,49888
161208,50716
161208,56714
161208,57414
161208,61542
161283,1304
161283,1370
161283,11262
161283,30500
161283,33886
161283,35732
161283,50716
161283,57414
161283,61542
161283,62944
161283,63510
161403,1304
161403,1370
161403,1372
161403,11262
161403,30500
161403,33886
161403,35732
161403,49888
161403,56714
161403,57414
161403,61542
161403,63188
161526,1304
161526,1370
161526,10652
161526,11262
161526,16358
161526,33886
161526,35732
161526,35846
161526,39186
161526,50716
161526,56696
161526,57414
161526,59822
161526,61542
161526,61558
161526,61560
161526,61672
161526,63188
161526,63510
161526,63538
161667,1304
161667,1370
161667,1372
161667,10652
161667,11262
161667,30500
161667,33886
161667,34092
161667,35732
161667,35846
161667,39186
161667,50270
161667,50716
161667,56714
161667,59396
161667,61364
161667,61542
161667,62618
161667,63188
161667,63418
161787,1304
161787,1370
161787,1372
161787,57414
161787,61364
161787,61542
161787,63188
162603,1304
162603,1370
162603,1372
162603,10652
162603,11262
162603,30500
162603,35732
162603,44302
162603,56714
162603,57414
162603,61542
162603,62944
162603,63188
162603,63510
162624,1304
162624,1372
162624,61542
162624,63188
162792,1304
162792,1370
162792,1372
162792,11262
162792,63188
162795,1304
162795,1370
162795,11262
162795,35732
162795,35846
162795,61542
162795,61552
162810,124
162810,1304
162810,1370
162810,1372
162810,3382
162810,10652
162810,11262
162810,30500
162810,32496
162810,33886
162810,35732
162810,35846
162810,36720
162810,36722
162810,36762
162810,39186
162810,48298
162810,48980
162810,49888
162810,50270
162810,50272
162810,50274
162810,50716
162810,51974
162810,53160
162810,54096
162810,54290
162810,57804
162810,59394
162810,59396
162810,61028
162810,61280
162810,61364
162810,61542
162810,61558
162810,61560
162810,62274
162810,62618
162810,63188
162810,63360
162810,63510
162843,1304
162843,1370
162843,1372
162843,10652
162843,11262
162843,33886
162843,35732
162843,39186
162843,50716
162843,56714
162843,59822
162843,61364
162843,61542
162843,61672
162843,63188
162843,63360
162957,1304
162957,1370
162957,10652
162957,11262
162957,16358
162957,33886
162957,35732
162957,35846
162957,49888
162957,50716
162957,56714
162957,61542
162957,61560
162957,62074
162960,11262
162960,53160
162960,63360
162984,1370
162984,1372
162984,11262
162984,30500
162984,35846
162984,56696
162984,57414
162984,63188
163032,10808
163032,50272
163032,50274
163044,1370
163044,10652
163044,30500
163044,35732
163044,50718
163101,1304
163101,1370
163101,1372
163101,10652
163101,11262
163101,30500
163101,32496
163101,33886
163101,34092
163101,35732
163101,39186
163101,44302
163101,50716
163101,53160
163101,54096
163101,56714
163101,57414
163101,59396
163101,59822
163101,61028
163101,61364
163101,61542
163101,61558
163101,61560
163101,61672
163101,62074
163101,62376
163101,62400
163101,62944
163101,63136
163101,63188
163101,63360
163101,63510
163131,124
163131,1304
163131,1370
163131,1372
163131,10652
163131,11262
163131,30500
163131,33886
163131,35732
163131,39186
163131,44302
163131,48298
163131,50270
163131,50272
163131,50274
163131,50716
163131,50718
163131,53160
163131,54096
163131,56696
163131,56714
163131,57414
163131,59394
163131,59396
163131,59822
163131,61028
163131,61280
163131,61364
163131,61542
163131,61558
163131,61560
163131,61672
163131,62074
163131,62400
163131,62944
163131,63136
163131,63188
163131,63360
163131,63510
163251,1304
163251,1370
163251,1372
163251,11262
163251,35732
163251,39186
163251,56714
163251,57414
163251,61364
163251,63188
163377,1304
163377,1370
163377,1372
163377,11262
163377,16358
163377,33534
163377,50716
163377,53160
163377,56714
163377,57414
163377,61542
163482,1304
163482,10652
163482,11262
163482,30500
163482,33886
163482,39186
163482,49888
163482,50274
163482,50716
163482,61280
163482,62274
163554,50272
163554,50274
163554,59394
163554,59396
163554,61280
163578,1304
163578,1370
163578,10652
163578,11262
163578,61672
164007,1304
164007,1370
164007,10652
164007,11262
164007,35732
164007,50718
164007,57414
164007,61364
164007,61542
164007,63188
164064,1304
164064,1370
164064,1372
164064,10652
164064,11262
164064,16358
164064,30500
164064,33886
164064,34092
164064,35732
164064,35846
164064,39186
164064,44302
164064,50716
164064,57414
164064,59396
164064,61364
164064,61542
164064,61558
164064,61560
164064,61672
164064,62074
164064,63186
164064,63188
164064,63360
164064,63510
164337,1304
164337,1370
164337,11262
164337,30500
164337,44302
164337,49888
164337,50716
164337,56696
164337,56714
164337,57414
164337,61542
164337,63188
164337,63418
164337,63510
164457,1304
164457,1370
164457,1372
164457,10652
164457,11262
164457,30500
164457,35846
164457,39186
164457,44302
164457,50270
164457,50716
164457,53160
164457,54096
164457,56714
164457,57414
164457,59396
164457,59822
164457,61280
164457,61364
164457,61542
164457,62170
164457,62618
164457,63188
164457,63360
164457,63510
164541,1304
164541,1370
164541,1372
164541,10652
164541,11262
164541,30500
164541,50716
164541,57414
164541,61542
164541,61672
164541,62074
164541,63188
164631,1370
164631,35732
164640,1304
164640,1370
164640,11262
164640,35732
164640,56714
164640,61542
164640,62944
164661,1304
164661,1370
164661,10652
164661,11262
164661,30500
164661,34092
164661,50716
164661,56714
164661,61364
164661,61542
164661,63186
164661,63188
164661,63510
164871,1370
164871,44302
164871,50716
164970,1304
164970,1370
164970,1372
164970,11262
164970,35732
164970,61542
164970,62074
164970,63188
165045,124
165045,1304
165045,1370
165045,1372
165045,10652
165045,11262
165045,30500
165045,35732
165045,35846
165045,39186
165045,42132
165045,44302
165045,50716
165045,56714
165045,57414
165045,59816
165045,61364
165045,61542
165045,61558
165045,62074
165045,62944
165045,63186
165045,63188
165045,63510
165126,1304
165126,49888
165126,50716
165126,57414
165126,63360
165132,1304
165132,1370
165132,1372
165132,11262
165132,30500
165132,61364
165132,61542
165132,63188
165183,1370
165183,35732
165183,56714
165183,63188
165312,1304
165312,1370
165312,11262
165312,63188
165684,1304
165684,1370
165684,10652
165684,11262
165684,30500
165684,33534
165684,33886
165684,34092
165684,44302
165684,49888
165684,56714
165684,57414
165684,61542
165684,62074
165684,62944
165687,1304
165687,1370
165687,11262
165687,16358
165687,33534
165687,33886
165687,35846
165687,59822
165687,61542
165687,61552
165717,124
165717,1304
165717,1370
165717,1372
165717,11262
165717,30500
165717,35732
165717,39186
165717,50274
165717,50716
165717,54096
165717,56714
165717,57414
165717,59822
165717,61280
165717,61364
165717,61542
165717,61558
165717,61560
165717,62376
165717,63188
165717,63510
165726,1304
165726,1370
165726,1372
165726,10652
165726,11262
165726,35732
165726,39186
165726,50718
165726,61364
165726,63188
165744,1304
165744,1370
165744,1372
165744,10652
165744,11262
165744,16358
165744,30500
165744,35846
165744,39186
165744,56714
165744,57414
165744,59822
165744,61364
165744,61542
165744,63186
165744,63188
165744,63510
165750,1304
165750,1370
165750,1372
165750,10652
165750,11262
165750,30500
165750,33534
165750,35846
165750,42132
165750,50718
165750,56696
165750,56714
165750,61364
165750,61542
165750,61552
165750,62074
165750,63186
165750,63188
165762,124
165762,1304
165762,1370
165762,1372
165762,10652
165762,10808
165762,11262
165762,16358
165762,30500
165762,33534
165762,33886
165762,35732
165762,35846
165762,39186
165762,42132
165762,44302
165762,50274
165762,50718
165762,56714
165762,57804
165762,59816
165762,59822
165762,61364
165762,61542
165762,61552
165762,61672
165762,62074
165762,62400
165786,1370
165786,50716
165786,57414
165786,63188
165786,63510
165915,1370
165915,50718
165915,57414
165927,1304
165927,1370
165927,1372
165927,10652
165927,11262
165927,30500
165927,35732
165927,39186
165927,48574
165927,56696
165927,56714
165927,57414
165927,59822
165927,61542
165927,61558
165927,61560
165927,63188
166002,1304
166002,1370
166002,11262
166002,11490
166002,30500
166002,32496
166002,33886
166002,35732
166002,42132
166002,50716
166002,61542
166002,63510
166005,1304
166005,1370
166005,1372
166005,10652
166005,11262
166005,33886
166005,35732
166005,50716
166005,56714
166005,57414
166005,59822
166005,61364
166005,61542
166005,63188
166005,63510
166029,1304
166029,1370
166029,1372
166029,11262
166029,30500
166029,34092
166029,39186
166029,50716
166029,56714
166029,59822
166029,61364
166029,61542
166029,62376
166029,63188
166029,63510
166128,124
166128,1304
166128,1370
166128,1372
166128,10652
166128,11262
166128,30500
166128,33886
166128,34092
166128,35732
166128,35846
166128,39186
166128,42132
166128,50716
166128,50718
166128,54096
166128,56714
166128,57414
166128,59396
166128,59816
166128,61028
166128,61280
166128,61364
166128,61542
166128,61552
166128,61672
166128,62074
166128,62170
166128,62376
166128,62400
166128,62944
166128,63186
166128,63188
166128,63510
166356,1304
166356,10652
166356,11262
166356,30500
166356,33886
166356,34092
166356,35732
166356,35846
166356,57414
166356,61542
166356,61552
166356,61560
166356,61672
166356,63510
166362,1304
166362,1370
166362,10652
166362,11262
166362,30500
166362,33886
166362,34092
166362,35732
166362,39186
166362,44302
166362,53160
166362,53394
166362,56714
166362,57414
166362,61542
166362,62944
166362,63220
166362,63360
166437,1304
166437,1370
166437,1372
166437,11262
166437,30500
166437,35732
166437,50716
166437,53394
166437,53406
166437,56714
166437,57414
166437,59822
166437,61364
166437,61542
166437,62074
166437,63188
166437,63360
166437,63510
166437,63540
166599,1304
166599,1370
166599,11262
166599,61542
166599,62074
166995,1304
166995,1370
166995,1372
166995,11262
166995,30500
166995,33886
166995,35732
166995,35846
166995,49888
166995,50268
166995,50716
166995,53160
166995,56714
166995,57414
166995,59396
166995,61364
166995,61542
166995,61552
166995,61558
166995,61560
166995,62274
166995,63188
166995,63360
166995,63510
167082,1304
167082,1370
167082,11262
167082,56714
167082,61542
167136,124
167136,1370
167136,11262
167136,44302
167136,50716
167136,56714
167136,63510
167256,1370
167256,1372
167256,11262
167256,30500
167256,35732
167256,35846
167256,39186
167256,50716
167256,61364
167256,62074
167256,63188
167316,1304
167316,1370
167316,1372
167316,10652
167316,11262
167316,16358
167316,30500
167316,34092
167316,35732
167316,39186
167316,44302
167316,50716
167316,50718
167316,53406
167316,54096
167316,56714
167316,57414
167316,59822
167316,61364
167316,61542
167316,61560
167316,62074
167316,62170
167316,62376
167316,62944
167316,63186
167316,63188
167316,63360
167316,63510
167364,1304
167364,1370
167364,1372
167364,10652
167364,11262
167364,30500
167364,33886
167364,35732
167364,39186
167364,44302
167364,48574
167364,50270
167364,50272
167364,50716
167364,54096
167364,56714
167364,57414
167364,59394
167364,61280
167364,61542
167364,62074
167364,62170
167364,62378
167364,62944
167364,63188
167364,63510
167451,1304
167451,1370
167451,10652
167451,11262
167451,35732
167451,39186
167451,59822
167451,61542
167451,61558
167451,61672
167514,11262
167514,30500
167514,53160
167514,63188
167571,1304
167571,1370
167571,10652
167571,11262
167571,16358
167571,30500
167571,33886
167571,35732
167571,39186
167571,56714
167571,57414
167571,59822
167571,61560
167571,62170
167571,63188
167571,63510
167652,1370
167652,59822
167676,1304
167676,1370
167676,10652
167676,11262
167676,33886
167676,50716
171372,1304
171372,1370
171372,1372
171372,10652
171372,11262
171372,33886
171372,39186
171372,59822
171372,61280
171372,61364
171372,62074
171372,63188
171684,1304
171684,1370
171684,1372
171684,11262
171684,33886
171684,61542
171684,63188
171684,63510
171702,1304
171702,1370
171702,1372
171702,10652
171702,11262
171702,30500
171702,35732
171702,39186
171702,50716
171702,54096
171702,56696
171702,57414
171702,61542
171702,63188
171702,63418
171939,1304
171939,1370
171939,1372
171939,10652
171939,11262
171939,30500
171939,32496
171939,33886
171939,35732
171939,42132
171939,56714
171939,57414
171939,59816
171939,59822
171939,61542
171939,61672
171939,63188
172008,1304
172008,1370
172008,1372
172008,10652
172008,11262
172008,33886
172008,39186
172008,57414
172008,59396
172008,63188
172035,1304
172035,1370
172035,1372
172035,3382
172035,11262
172035,30500
172035,33886
172035,35732
172035,39186
172035,50718
172035,56714
172035,57414
172035,59822
172035,61364
172035,61542
172035,61558
172035,62074
172035,62376
172056,1304
172056,1370
172056,1372
172056,10652
172056,10808
172056,11262
172056,33886
172056,35732
172056,35846
172056,36720
172056,39186
172056,49888
172056,50716
172056,53160
172056,56714
172056,57414
172056,61364
172056,61542
172056,61552
172056,62074
172056,63188
172056,63418
172056,63510
172161,1304
172161,1370
172161,1372
172161,10652
172161,11262
172161,30500
172161,33886
172161,34092
172161,35732
172161,35846
172161,39186
172161,42132
172161,50270
172161,50274
172161,50716
172161,57414
172161,59396
172161,59816
172161,61280
172161,61364
172161,61542
172161,61552
172161,61672
172161,62074
172161,62400
172161,62618
172161,62944
172161,63186
172161,63188
172161,63510
172419,1304
172419,1370
172419,1372
172419,10652
172419,11262
172419,30500
172419,35732
172419,39186
172419,49888
172419,50718
172419,56714
172419,57414
172419,59822
172419,61028
172419,61280
172419,61364
172419,61542
172419,62170
172419,62274
172419,63188
172419,63510
172503,1304
172503,1370
172503,1372
172503,10652
172503,11262
172503,30500
172503,33886
172503,35732
172503,50716
172503,57414
172503,61364
172503,61542
172503,61672
172503,62074
172503,63188
172503,63510
172587,1304
172587,1370
172587,10652
172587,11262
172587,35732
172587,35846
172590,1304
172590,1370
172590,1372
172590,11262
172590,30500
172590,39186
172590,50716
172590,59822
172590,61542
172590,62074
172590,62170
172590,63510
172695,1304
172695,1370
172695,1372
172695,11262
172695,16358
172695,30500
172695,42132
172695,50716
172695,50718
172695,59816
172695,59822
172695,61542
172695,62376
172695,63186
172695,63188
172704,124
172704,1304
172704,1370
172704,1372
172704,10652
172704,11262
172704,30500
172704,33886
172704,35732
172704,39186
172704,46632
172704,50270
172704,50272
172704,50274
172704,51974
172704,54096
172704,56714
172704,57414
172704,57804
172704,59396
172704,61028
172704,61280
172704,61364
172704,61542
172704,61558
172704,61672
172704,62400
172719,1304
172719,1370
172719,11262
172719,30500
172719,50716
172719,50718
172719,56714
172719,61542
172719,62074
172719,63510
173613,1370
173613,1372
173613,62274
173613,63188
173667,1304
173667,1370
173667,11262
173667,33886
173667,34092
173667,35732
173667,39186
173667,50268
173667,50968
173667,50970
173667,53046
173667,57414
173667,61542
173667,62074
173667,63188
173796,1304
173796,1370
173796,1372
173796,11262
173796,30500
173796,34092
173796,57414
173796,59396
173796,63188
173796,63510
173940,1304
173940,1370
173940,1372
173940,10652
173940,11262
173940,30500
173940,35732
173940,50716
173940,57414
173940,61364
173940,61542
173940,61560
173940,63188
174087,1370
174087,10652
174087,11262
174087,63510
174195,1304
174195,1370
174195,11262
174195,33886
174195,35732
174279,1304
174279,1370
174279,10652
174279,11262
174279,33886
174279,39186
174279,50716
174279,50718
174468,1304
174468,1370
174468,1372
174468,10652
174468,10808
174468,11262
174468,30500
174468,33886
174468,35846
174468,48574
174468,50716
174468,56714
174468,57414
174468,61364
174468,61542
174468,61552
174468,61672
174468,62376
174468,63188
174468,63418
174468,63510
174513,1304
174513,1370
174513,11262
174513,16358
174513,30500
174513,35732
174513,50716
174513,50718
174513,56714
174513,57414
174513,59822
174513,61542
174513,61558
174513,61672
174513,62170
174513,63510
175239,1304
175239,1370
175239,11262
175239,33886
175239,57414
175239,63510
175266,1304
175266,1370
175266,1372
175266,10652
175266,11262
175266,33886
175266,35732
175266,35846
175266,50716
175266,56714
175266,57414
175266,59822
175266,61364
175266,61542
175266,61672
175266,62170
175266,62376
175266,62378
175266,63188
175266,63510
175293,1304
175293,1370
175293,1372
175293,11262
175293,33886
175293,50716
175293,61542
175293,62074
175293,63188
175293,63360
175809,1304
175809,1370
175809,1372
175809,57414
175809,59822
175809,61364
175809,61542
175809,62376
175809,63188
175815,1370
175815,16358
175878,1304
175878,1370
175878,11262
175878,33886
175878,35732
175878,35846
175878,56714
175878,61542
175899,1304
175899,1370
175899,11262
175899,35732
176319,1304
176319,1370
176319,1372
176319,10652
176319,30500
176319,39186
176319,49888
176319,50716
176319,55632
176319,56714
176319,57414
176319,59822
176319,61364
176319,61542
176319,62376
176319,63188
176319,63510
176403,124
176403,1304
176403,1370
176403,1372
176403,3382
176403,10652
176403,10808
176403,11262
176403,11490
176403,16358
176403,30500
176403,32496
176403,33886
176403,34092
176403,35732
176403,35846
176403,36720
176403,36762
176403,39186
176403,42132
176403,44302
176403,46632
176403,48298
176403,48980
176403,49888
176403,50268
176403,50270
176403,50272
176403,50274
176403,50716
176403,50718
176403,50720
176403,50970
176403,51974
176403,52918
176403,53046
176403,53160
176403,53256
176403,53386
176403,53406
176403,54096
176403,54290
176403,56714
176403,57414
176403,57522
176403,57804
176403,59394
176403,59396
176403,59816
176403,59822
176403,60522
176403,61028
176403,61280
176403,61348
176403,61364
176403,61540
176403,61542
176403,61552
176403,61558
176403,61560
176403,61672
176403,62074
176403,62170
176403,62376
176403,62400
176403,62614
176403,62616
176403,62618
176403,62944
176403,63136
176403,63186
176403,63188
176403,63218
176403,63360
176403,63510
176472,1304
176472,1370
176472,1372
176472,10652
176472,11262
176472,30500
176472,35732
176472,35846
176472,39186
176472,50716
176472,56714
176472,57414
176472,61364
176472,61542
176472,61558
176472,61560
176472,62170
176472,62274
176472,63188
176472,63510
176577,1304
176577,1370
176577,1372
176577,11262
176577,56714
176577,57414
176577,61542
176577,63188
176595,1304
176595,1370
176595,10652
176595,39186
176595,56696
176595,57414
176607,1304
176607,1370
176607,30500
176607,35732
176643,1304
176643,1370
176643,1372
176643,34092
176643,35732
176643,56696
176643,56714
176643,57414
176643,59822
176643,61542
177474,1304
177474,1370
177474,1372
177474,30500
177474,56714
177474,57414
177474,61364
177474,63188
177672,1304
177672,1370
177672,1372
177672,11262
177672,30500
177672,33886
177672,35732
177672,50274
177672,50716
177672,54096
177672,56714
177672,57414
177672,59396
177672,59822
177672,61364
177672,61542
177672,63188
177873,1304
177873,11262
177873,30500
177873,56714
177873,61542
177903,1304
177903,1370
177903,11262
177903,61542
177921,124
177921,1304
177921,1370
177921,1372
177921,30500
177921,33886
177921,35732
177921,61542
177921,63188
177951,1304
177951,1372
177951,61364
177951,61542
177951,63188
178068,1370
178068,11262
178068,35732
178068,48574
178068,50716
178068,57414
178068,63510
178230,60
178230,1304
178230,1370
178230,1372
178230,10652
178230,10808
178230,11262
178230,30500
178230,34092
178230,35732
178230,35846
178230,39186
178230,44302
178230,50274
178230,50716
178230,56714
178230,57414
178230,57804
178230,59822
178230,61028
178230,61280
178230,61364
178230,61542
178230,61552
178230,62274
178257,1304
178257,1370
178257,1372
178257,11262
178257,30500
178257,35732
178257,50716
178257,50718
178257,56714
178257,57414
178257,59822
178257,61542
178257,62170
178257,63188
178458,1304
178458,1370
178458,1372
178458,10652
178458,11262
178458,30500
178458,32496
178458,34092
178458,35732
178458,39186
178458,44302
178458,48298
178458,50270
178458,50272
178458,50274
178458,50716
178458,50718
178458,53160
178458,53406
178458,54096
178458,54290
178458,56696
178458,56714
178458,57414
178458,57804
178458,59394
178458,59396
178458,60522
178458,61028
178458,61280
178458,61364
178458,61542
178458,61558
178458,61560
178458,61672
178458,62074
178458,62400
178458,62618
178458,62944
178458,63188
178458,63360
178458,63510
178761,1304
178761,1370
178761,1372
178761,10652
178761,11262
178761,30500
178761,39186
178761,50716
178761,56714
178761,61542
178818,1304
178830,1304
178830,1370
178830,1372
178830,10652
178830,11262
178830,16358
178830,30500
178830,34092
178830,35732
178830,39186
178830,42132
178830,44302
178830,46632
178830,50270
178830,50272
178830,50274
178830,50716
178830,53160
178830,53406
178830,54096
178830,55798
178830,56714
178830,57414
178830,57804
178830,59394
178830,59396
178830,59816
178830,59822
178830,61028
178830,61280
178830,61348
178830,61364
178830,61542
178830,61560
178830,61672
178830,62074
178830,62616
178830,62944
178830,63186
178830,63188
178830,63218
178830,63360
178830,63510
178938,1304
178938,1372
178938,61542
178938,63188
179088,1304
179088,1372
179088,11262
179088,30500
179088,49888
179088,50716
179088,61280
179088,61542
179436,1304
179436,1372
179436,11262
179436,61364
179436,61542
179436,63188
179496,1304
179496,1370
179496,1372
179496,10652
179496,11262
179496,35732
179496,50716
179496,50718
179496,53160
179496,56714
179496,61280
179496,61542
179496,63188
179496,63360
179496,63510
179700,1304
179700,1370
179700,1372
179700,30500
179700,33886
179700,57414
179700,62170
179700,63188
179790,1304
179790,1370
179790,11262
179790,30500
179790,35732
179790,57414
179790,61542
179838,1304
179838,10652
179838,11262
179838,16358
179838,30500
179838,35846
179838,50718
179838,56696
179838,57414
179838,59822
179838,61542
179838,61552
179838,61672
179853,1372
179853,10652
179853,10808
179853,11262
179853,30500
179853,33886
179853,34092
179853,36720
179853,39186
179853,42132
179853,44302
179853,49888
179853,50270
179853,50274
179853,50716
179853,50718
179853,52918
179853,53160
179853,53258
179853,53386
179853,54290
179853,56714
179853,57414
179853,57804
179853,59396
179853,61028
179853,61280
179853,62274
179853,62944
179853,63188
179853,63220
179853,63360
179853,63510
179853,63538
180195,124
180195,1370
180195,50720
180195,57414
180195,62378
180195,63188
180471,1370
180471,56714
180471,61542
180495,1304
180495,1370
180495,1372
180495,10652
180495,11262
180495,30500
180495,56696
180495,61542
180495,62074
180495,63188
180672,57414
180801,30500
180801,32496
180801,35732
180801,39186
180801,50716
180801,59396
181101,124
181101,1304
181101,1370
181101,1372
181101,10652
181101,11262
181101,30500
181101,33886
181101,34092
181101,35732
181101,35846
181101,39186
181101,42132
181101,44302
181101,50270
181101,50272
181101,50274
181101,50716
181101,50718
181101,56714
181101,57414
181101,59394
181101,59396
181101,59816
181101,59822
181101,60522
181101,61028
181101,61280
181101,61364
181101,61542
181101,61552
181101,61558
181101,61672
181101,62170
181101,62618
181101,62944
181101,63136
181101,63186
181101,63188
181101,63360
181101,63538
181110,10808
181110,34092
181110,36720
181110,50274
181110,56714
181110,57804
181149,1304
181149,1370
181149,1372
181149,10652
181149,11262
181149,30500
181149,35732
181149,39186
181149,50716
181149,56714
181149,57414
181149,59822
181149,61542
181149,61560
181149,62274
181149,63188
181203,1304
181203,1370
181203,3382
181203,30500
181203,33886
181203,50718
181203,56714
181203,57414
181203,63188
181371,1304
181371,1370
181371,1372
181371,10652
181371,11262
181371,35732
181371,39186
181371,49888
181371,50716
181371,50718
181371,56714
181371,57414
181371,59822
181371,61028
181371,61364
181371,62074
181371,62170
181371,62400
181371,62944
181371,63188
181593,1304
181593,1370
181593,1372
181593,10652
181593,11262
181593,33886
181593,35732
181593,39186
181593,50716
181593,56714
181593,63188
181593,63510
181662,1304
181662,1370
181662,1372
181662,10652
181662,11262
181662,33886
181662,35732
181662,35846
181662,44302
181662,50716
181662,57414
181662,61364
181662,61542
181662,62170
181662,63188
181662,63510
181704,1304
181704,1370
181704,35732
181704,35846
181704,61542
181746,1370
181746,1372
181746,3382
181746,35732
181746,50716
181746,63510
181860,1304
181860,1370
181860,1372
181860,11262
181860,30500
181860,39186
181860,50716
181860,56714
181860,57414
181860,61542
181860,62074
181860,63188
182292,1304
182292,1370
182292,1372
182292,10652
182292,11262
182292,16358
182292,30500
182292,33534
182292,33886
182292,34092
182292,35732
182292,35846
182292,39186
182292,44302
182292,48980
182292,50274
182292,50716
182292,50718
182292,56714
182292,57414
182292,59822
182292,61542
182292,61560
182292,62074
182292,62376
182292,62944
182292,63188
182292,63510
182292,63538
182295,124
182295,1304
182295,1370
182295,1372
182295,11262
182295,30500
182295,33886
182295,50716
182295,57414
182295,59822
182295,61364
182295,61542
182442,1370
182442,10652
182442,39186
182442,50718
182442,63186
182442,63188
182556,1304
182556,61542
182565,1304
182565,1370
182565,1372
182565,10652
182565,11262
182565,16358
182565,30500
182565,33886
182565,34092
182565,35732
182565,35846
182565,36720
182565,39186
182565,44302
182565,46632
182565,48298
182565,48980
182565,50268
182565,50270
182565,50274
182565,50716
182565,50718
182565,50720
182565,53160
182565,53386
182565,54096
182565,56714
182565,57414
182565,57804
182565,59396
182565,59822
182565,61280
182565,61364
182565,61542
182565,61558
182565,62074
182565,62170
182565,62274
182565,62376
182565,62400
182565,62944
182565,63136
182565,63188
182565,63218
182565,63360
182565,63510
183105,124
183105,1304
183105,1370
183105,1372
183105,3382
183105,10652
183105,10808
183105,11262
183105,11490
183105,16358
183105,30500
183105,32496
183105,33886
183105,34092
183105,35732
183105,35846
183105,36720
183105,36722
183105,36762
183105,39186
183105,42132
183105,44302
183105,48298
183105,48980
183105,49888
183105,50270
183105,50272
183105,50274
183105,50716
183105,50718
183105,51974
183105,53160
183105,53386
183105,53406
183105,54096
183105,54290
183105,56714
183105,57414
183105,57804
183105,59394
183105,59396
183105,59816
183105,59822
183105,60522
183105,61028
183105,61280
183105,61348
183105,61364
183105,61542
183105,61552
183105,61558
183105,61560
183105,61672
183105,62614
183105,62616
183105,62944
183105,63136
183105,63186
183105,63188
183105,63218
183105,63360
183105,63418
183105,63510
183105,63538
183195,124
183195,1304
183195,1370
183195,1372
183195,10652
183195,10808
183195,11262
183195,30500
183195,33886
183195,35732
183195,36720
183195,39186
183195,42132
183195,44302
183195,50270
183195,50272
183195,50274
183195,50716
183195,50718
183195,50720
183195,51974
183195,53160
183195,53406
183195,54096
183195,54290
183195,56714
183195,57414
183195,57804
183195,59394
183195,59396
183195,59816
183195,59822
183195,60522
183195,61028
183195,61280
183195,61348
183195,61364
183195,61540
183195,61542
183195,61558
183195,61672
183195,62074
183195,62170
183195,62400
183195,62944
183195,63136
183195,63186
183195,63188
183195,63218
183195,63418
183213,60
183213,124
183213,1304
183213,1370
183213,1372
183213,3382
183213,10652
183213,10808
183213,11262
183213,16358
183213,30500
183213,32496
183213,33534
183213,33886
183213,34092
183213,35732
183213,35846
183213,36720
183213,36722
183213,36762
183213,39186
183213,42132
183213,44664
183213,48298
183213,48980
183213,50270
183213,50272
183213,50274
183213,50716
183213,50718
183213,50720
183213,50968
183213,50970
183213,51974
183213,52918
183213,53046
183213,53160
183213,53386
183213,53406
183213,54096
183213,54290
183213,56696
183213,56714
183213,57414
183213,57804
183213,59394
183213,59396
183213,59816
183213,59822
183213,61280
183213,61348
183213,61364
183213,61542
183213,61552
183213,61558
183213,61560
183213,61672
183213,62074
183213,62616
183213,62944
183213,63136
183213,63186
183213,63188
183213,63218
183213,63360
183213,63510
183363,1372
183363,61364
183363,63188
183366,1304
183366,50716
183366,56714
183387,1304
183387,1370
183387,1372
183387,10652
183387,11262
183387,30500
183387,35732
183387,39186
183387,44302
183387,50270
183387,50274
183387,50716
183387,53160
183387,54096
183387,56714
183387,57414
183387,59396
183387,61028
183387,61280
183387,61364
183387,61542
183387,61558
183387,61560
183387,61672
183387,62074
183387,62944
183387,63136
183387,63188
183387,63360
183387,63418
183387,63510
183390,1372
183390,54096
183390,63188
183450,1304
183450,1370
183450,1372
183450,10652
183450,11262
183450,30500
183450,32496
183450,34092
183450,35732
183450,39186
183450,44302
183450,46632
183450,48980
183450,49888
183450,50716
183450,50718
183450,53160
183450,54096
183450,56714
183450,57414
183450,57804
183450,59396
183450,61028
183450,61542
183450,61672
183450,62376
183450,62944
183450,63188
183450,63218
183450,63360
183450,63510
183459,124
183459,1304
183459,10652
183459,11262
183459,30500
183459,33886
183459,35732
183459,50716
183459,50718
183459,54096
183468,1304
183468,1370
183468,1372
183468,11262
183468,30500
183468,50716
183468,50718
183468,54096
183468,56696
183468,56714
183468,59822
183468,61364
183468,61542
183468,63188
183468,63360
183468,63510
183468,63540
183489,124
183489,1304
183489,1370
183489,1372
183489,10652
183489,11262
183489,16358
183489,30500
183489,35732
183489,39186
183489,42132
183489,44302
183489,48980
183489,50270
183489,50272
183489,50274
183489,50716
183489,51974
183489,53160
183489,54096
183489,56714
183489,57414
183489,57804
183489,59396
183489,59816
183489,61028
183489,61280
183489,61364
183489,61542
183489,61672
183489,62944
183489,63136
183489,63186
183489,63188
183489,63360
183489,63510
183492,1304
183492,1370
183492,1372
183492,3382
183492,10652
183492,10808
183492,11262
183492,11490
183492,30500
183492,32496
183492,33886
183492,34092
183492,35732
183492,39186
183492,44302
183492,50268
183492,50270
183492,50274
183492,50716
183492,50718
183492,50720
183492,52918
183492,53160
183492,54096
183492,56696
183492,56714
183492,57414
183492,59396
183492,59822
183492,61028
183492,61280
183492,61364
183492,61542
183492,61558
183492,61560
183492,61672
183492,62074
183492,62170
183492,62376
183492,62400
183492,62618
183492,62944
183492,63188
183492,63360
183492,63418
183492,63510
183573,1304
183573,1370
183573,1372
183573,10652
183573,11262
183573,30500
183573,33886
183573,34092
183573,50716
183573,50718
183573,56714
183573,57414
183573,59396
183573,61364
183573,61542
183573,62074
183573,62944
183573,63188
183573,63510
183576,1304
183576,1370
183576,11262
183576,30500
183576,35732
183576,56714
183576,57414
183576,59822
183576,61542
183576,61558
183576,61560
183645,1304
183645,1370
183645,1372
183645,11262
183645,30500
183645,50716
183645,50718
183645,56714
183645,59822
183645,61364
183645,61542
183645,62170
183645,63188
183645,63360
183645,63510
183666,1304
183666,1370
183666,11262
183666,30500
183666,32496
183666,33886
183666,35732
183666,39186
183666,61542
183666,62074
183672,1304
183672,1370
183672,10652
183672,11262
183672,30500
183672,39186
183672,50716
183672,56714
183672,57414
183672,59822
183672,61542
183672,61672
183672,62170
183672,63360
183672,63510
183675,1304
183675,1370
183675,11262
183675,30500
183675,35846
183675,48574
183675,50716
183675,50718
183675,56714
183675,57414
183786,1370
183786,10652
183786,11262
183786,33886
183786,35732
183786,50716
183786,63510
183786,63538
183789,1304
183789,1370
183789,1372
183789,10652
183789,11262
183789,16358
183789,30500
183789,33886
183789,35732
183789,48574
183789,50716
183789,50718
183789,54096
183789,56696
183789,56714
183789,57414
183789,59822
183789,61364
183789,61542
183789,61558
183789,61560
183789,61672
183789,62074
183789,62376
183789,63188
183789,63510
183813,1372
183813,11262
183813,30500
183813,50718
183813,54096
183813,57414
183813,63188
183912,1304
183912,1370
183912,1372
183912,11262
183912,16358
183912,35846
183912,48574
183912,57414
183912,59822
183912,61364
183912,61542
183912,62376
183912,63188
183921,1304
183921,1370
183921,1372
183921,11262
183921,50718
183921,61542
183921,62944
183921,63510
184104,1304
184104,1370
184104,11262
184104,30500
184104,35732
184104,56696
184104,61542
184113,1304
184113,1370
184113,1372
184113,10652
184113,11262
184113,33886
184113,34092
184113,35732
184113,50716
184113,50718
184113,56714
184113,57414
184113,59822
184113,61364
184113,61542
184113,62170
184113,62376
184113,62378
184113,62944
184113,63188
184113,63510
184485,1304
184485,1370
184485,11262
184485,16358
184485,35846
184485,61542
184488,1304
184488,1370
184488,11262
184488,59822
184488,61542
184488,62944
184509,1304
184509,1370
184509,1372
184509,11262
184509,35732
184509,56714
184509,57414
184509,61364
184509,61542
184509,63188
184605,1304
184605,1370
184605,10652
184605,11262
184605,30500
184605,35732
184605,50716
184605,56714
184635,1304
184635,1370
184635,1372
184635,11262
184635,30500
184635,35732
184635,49888
184635,50716
184635,50718
184635,54096
184635,56714
184635,57414
184635,61542
184635,62944
184635,63188
184635,63510
184674,1304
184674,1370
184674,57414
184674,59822
184674,62376
184698,1304
184698,1370
184698,1372
184698,11262
184698,50716
184698,50718
184698,57414
184698,59822
184698,61364
184698,61542
184698,62170
184698,63186
184698,63188
184710,1304
184710,1370
184710,30500
184710,35846
184710,61542
184710,61552
184713,1304
184713,1370
184713,1372
184713,10652
184713,11262
184713,16358
184713,30500
184713,35732
184713,35846
184713,39186
184713,48574
184713,50716
184713,56696
184713,56714
184713,57414
184713,59822
184713,61542
184713,61558
184713,61560
184863,1304
184863,1370
184863,1372
184863,10652
184863,11262
184863,30500
184863,33886
184863,35732
184863,35846
184863,39186
184863,42132
184863,50270
184863,50274
184863,54096
184863,56714
184863,57804
184863,59816
184863,61028
184863,61364
184863,61542
184950,1304
184950,1370
184950,1372
184950,10652
184950,11262
184950,30500
184950,33886
184950,35732
184950,50716
184950,50718
184950,56714
184950,57414
184950,59394
184950,59822
184950,61364
184950,61542
184950,62074
184950,62376
184950,63188
184950,63220
184950,63510
185067,1304
185067,1370
185067,1372
185067,11262
185067,35732
185067,50716
185067,56714
185067,57414
185067,59822
185067,61364
185067,61542
185067,62074
185067,62170
185067,62376
185067,63188
185067,63360
185244,1304
185244,1370
185244,1372
185244,35732
185244,39186
185244,50720
185244,52918
185244,57414
185244,59822
185244,61028
185244,61364
185244,61542
185244,63510
185817,1304
185817,1370
186078,1304
186078,1370
186078,1372
186078,10652
186078,11262
186078,16358
186078,33886
186078,35732
186078,39186
186078,50716
186078,57414
186078,59822
186078,61364
186078,61542
186078,62170
186078,62376
186078,63188
186078,63510
186174,124
186174,1304
186174,1370
186174,1372
186174,3382
186174,10652
186174,10808
186174,11262
186174,11490
186174,16358
186174,30500
186174,32496
186174,33534
186174,33886
186174,34092
186174,35732
186174,35846
186174,36720
186174,36722
186174,36762
186174,39186
186174,42132
186174,44302
186174,44644
186174,44660
186174,44664
186174,46632
186174,48298
186174,48980
186174,50268
186174,50270
186174,50272
186174,50274
186174,50716
186174,50718
186174,50968
186174,50970
186174,51974
186174,52918
186174,53160
186174,53386
186174,53406
186174,54096
186174,54290
186174,54864
186174,56714
186174,57414
186174,57804
186174,59394
186174,59396
186174,59816
186174,59822
186174,60522
186174,61028
186174,61280
186174,61348
186174,61364
186174,61542
186174,61552
186174,61558
186174,61560
186174,61672
186174,62074
186174,62274
186174,62400
186174,62618
186174,62944
186174,63136
186174,63186
186174,63188
186174,63218
186174,63360
186174,63510
186174,63538
186177,1304
186177,1370
186177,1372
186177,10652
186177,11262
186177,16358
186177,30500
186177,33534
186177,35732
186177,35846
186177,39186
186177,42132
186177,44302
186177,50270
186177,50274
186177,50716
186177,50718
186177,53160
186177,54096
186177,56714
186177,57414
186177,57804
186177,59396
186177,59816
186177,61028
186177,61280
186177,61364
186177,61542
186177,61552
186177,62074
186177,62170
186177,62400
186177,62944
186177,63136
186177,63188
186177,63218
186177,63360
186216,1304
186216,1370
186216,1372
186216,10652
186216,11262
186216,30500
186216,35732
186216,39186
186216,50716
186216,56714
186216,57414
186216,61364
186216,61542
186216,61672
186216,62074
186216,63188
186216,63510
186327,1304
186327,1370
186327,1372
186327,10652
186327,30500
186327,61364
186327,61542
186327,61672
186327,63188
186378,1304
186378,1370
186378,1372
186378,10652
186378,11262
186378,16358
186378,30500
186378,33886
186378,35732
186378,35846
186378,44302
186378,48574
186378,50716
186378,54096
186378,56696
186378,56714
186378,57414
186378,61364
186378,61540
186378,61672
186378,62944
186378,63186
186378,63188
186378,63510
186384,124
186384,1304
186384,1370
186384,1372
186384,10652
186384,11262
186384,30500
186384,35732
186384,35846
186384,39186
186384,42132
186384,44302
186384,50274
186384,50716
186384,50718
186384,54096
186384,56714
186384,57414
186384,59396
186384,59816
186384,59822
186384,61028
186384,61364
186384,61552
186384,61558
186384,61672
186384,62074
186384,62170
186384,62376
186384,62400
186384,62944
186384,63136
186384,63186
186384,63188
186384,63510
186438,1304
186438,1370
186438,1372
186438,10652
186438,11262
186438,30500
186438,35732
186438,39186
186438,44664
186438,50716
186438,50718
186438,50968
186438,54096
186438,56714
186438,57414
186438,59396
186438,61364
186438,61542
186438,62074
186438,62170
186438,62274
186438,63188
186438,63510
186447,124
186447,11262
186447,33886
186447,44302
186447,50716
186447,50718
186447,54096
186447,57414
186447,62944
186447,63510
186657,1304
186657,1370
186657,1372
186657,10652
186657,11262
186657,16358
186657,30500
186657,33886
186657,35732
186657,39186
186657,44302
186657,50270
186657,50274
186657,50716
186657,50718
186657,54096
186657,56696
186657,56714
186657,57414
186657,59396
186657,59822
186657,61364
186657,61542
186657,62074
186657,62944
186657,63188
186657,63360
186657,63510
186882,1304
186882,1370
186882,3382
186882,11262
186882,16358
186882,30500
186882,35732
186882,44302
186882,50716
186882,50718
186882,50720
186882,52918
186882,56714
186882,57414
186882,59822
186882,61028
186882,61542
186882,61558
186882,61560
186882,62170
186882,62274
186882,62376
186882,63188
186882,63510
186933,124
186933,1304
186933,1372
186933,3382
186933,10652
186933,10808
186933,11262
186933,30500
186933,33534
186933,33886
186933,34092
186933,35732
186933,35846
186933,36720
186933,36722
186933,39186
186933,44302
186933,50270
186933,50272
186933,50274
186933,50716
186933,50720
186933,52918
186933,53160
186933,53406
186933,54096
186933,56714
186933,57414
186933,57804
186933,59396
186933,61364
186933,61542
186933,61558
186933,62074
186933,62170
186933,62944
186933,63136
186933,63186
186933,63188
186933,63510
186942,1304
186942,1372
186942,35846
186942,56696
186942,61542
186951,1304
186951,1370
186951,10652
186951,11262
186951,33886
186951,56714
186951,57414
186951,61542
186951,63510
186987,1304
186987,10652
186987,11262
186987,33886
186987,56714
186987,57414
186987,61542
186987,63510
186990,1304
186990,1370
186990,1372
186990,11262
186990,30500
186990,33886
186990,35732
186990,39186
186990,50716
186990,56696
186990,56714
186990,57414
186990,61364
186990,61542
186990,63188
187101,1304
187101,1370
187101,1372
187101,10652
187101,11262
187101,30500
187101,33886
187101,34092
187101,35732
187101,39186
187101,50270
187101,50274
187101,57414
187101,59396
187101,61028
187101,61280
187101,61364
187101,61542
187101,62074
187101,62400
187101,63188
187101,63510
187221,1304
187221,33886
187221,56714
187221,61542
187224,1304
187224,1370
187224,10652
187224,11262
187224,30500
187224,34092
187224,35732
187224,39186
187224,44302
187224,48980
187224,50716
187224,56714
187224,57414
187224,59396
187224,59822
187224,61542
187224,63510
187263,1304
187263,1370
187263,10652
187263,11262
187263,33886
187263,57414
187263,61542
187263,63538
187386,1304
187386,35732
187386,36720
187386,36722
187386,39186
187386,50274
187386,53386
187386,56714
187386,57804
187386,62274
187395,1304
187395,1370
187395,1372
187395,11262
187395,16358
187395,33886
187395,50716
187395,61542
187395,63188
187395,63510
187650,1304
187650,1370
187650,1372
187650,61542
187650,63188
187659,124
187659,1304
187659,1372
187659,11262
187659,30500
187659,33886
187659,39186
187659,44302
187659,50274
187659,50716
187659,56714
187659,57414
187659,57804
187659,59396
187659,59822
187659,61364
187659,61542
187659,62376
187659,63188
187659,63510
187707,124
187707,1304
187707,1370
187707,1372
187707,3382
187707,10652
187707,10808
187707,11262
187707,16358
187707,30500
187707,33886
187707,34092
187707,35732
187707,35846
187707,36720
187707,36762
187707,39186
187707,42132
187707,44302
187707,48298
187707,48980
187707,50270
187707,50272
187707,50274
187707,50716
187707,50718
187707,50720
187707,51974
187707,53160
187707,54096
187707,54290
187707,56714
187707,57414
187707,57804
187707,59394
187707,59396
187707,59816
187707,59822
187707,60522
187707,61028
187707,61280
187707,61348
187707,61364
187707,61542
187707,61552
187707,61558
187707,61560
187707,61672
187707,62074
187707,62170
187707,62274
187707,62376
187707,62400
187707,62618
187707,62944
187707,63136
187707,63186
187707,63188
187707,63218
187707,63360
187707,63510
187734,1304
187734,1370
187734,10652
187734,11262
187734,30500
187734,35732
187734,39186
187734,50716
187734,56714
187734,57414
187734,61364
187734,61542
187734,62074
187743,1304
187743,1370
187743,11262
187743,30500
187743,39186
187743,50716
187743,56714
187743,57414
187743,59822
187743,61364
187743,61542
187743,63510
187797,1304
187797,1370
187797,1372
187797,10652
187797,11262
187797,30500
187797,35732
187797,39186
187797,44302
187797,50274
187797,50716
187797,50718
187797,52918
187797,53160
187797,54096
187797,56714
187797,57414
187797,59822
187797,61280
187797,61364
187797,61542
187797,61672
187797,62074
187797,62170
187797,62274
187797,62376
187797,62944
187797,63186
187797,63188
187797,63220
187797,63360
187797,63510
187806,124
187806,1304
187806,1370
187806,1372
187806,3382
187806,10652
187806,10808
187806,11262
187806,11490
187806,16358
187806,30500
187806,32496
187806,33534
187806,34092
187806,35732
187806,35846
187806,36720
187806,39186
187806,42132
187806,44302
187806,46632
187806,48298
187806,50270
187806,50272
187806,50274
187806,50716
187806,50720
187806,51974
187806,52918
187806,53160
187806,53386
187806,53406
187806,54096
187806,54290
187806,54864
187806,56714
187806,57414
187806,57804
187806,59394
187806,59396
187806,59776
187806,59816
187806,59822
187806,60522
187806,61028
187806,61280
187806,61348
187806,61364
187806,61542
187806,61560
187806,61672
187806,62074
187806,62170
187806,62400
187806,62614
187806,62616
187806,62618
187806,62944
187806,63136
187806,63186
187806,63188
187806,63218
187806,63360
187806,63510
187839,1304
187839,1370
187839,1372
187839,11262
187839,30500
187839,33886
187839,50716
187839,56696
187839,56714
187839,57414
187839,61542
187875,1304
187875,1370
187875,10652
187875,11262
187875,16358
187875,33886
187875,56714
187875,63188
187962,1304
187962,1370
187962,11262
187962,30500
187962,35732
187962,50718
187962,54096
187962,56714
187962,57414
187962,61280
187962,61542
187962,62378
187962,62944
187962,63218
187962,63510
187974,1304
187974,1370
187974,10652
187974,11262
187974,16358
187974,33534
187974,33886
187974,35732
187974,35846
187974,57414
187974,61542
187974,62074
187974,63186
188100,1304
188100,1370
188100,10652
188100,11262
188100,30500
188100,35732
188100,50716
188100,56714
188100,57414
188100,61364
188100,61542
188100,63188
188100,63510
188106,1304
188106,1370
188106,1372
188106,11262
188106,30500
188106,34092
188106,35732
188106,39186
188106,54096
188106,56714
188106,62170
188106,62376
188106,62378
188106,63188
188106,63510
188196,1304
188196,1370
188196,1372
188196,11262
188196,35732
188196,61364
188196,62074
188196,63188
188265,11262
188265,30500
188265,57414
188331,60
188331,1304
188331,1370
188331,1372
188331,10652
188331,10808
188331,11262
188331,16358
188331,30500
188331,33886
188331,34092
188331,35846
188331,36720
188331,36722
188331,36762
188331,39186
188331,44302
188331,48298
188331,48980
188331,49888
188331,50270
188331,50272
188331,50274
188331,50716
188331,50718
188331,51974
188331,53160
188331,53386
188331,53406
188331,54096
188331,54290
188331,56714
188331,57414
188331,57804
188331,59394
188331,59396
188331,59816
188331,60522
188331,61028
188331,61280
188331,61348
188331,61364
188331,61672
188331,62170
188331,62400
188331,62614
188331,62616
188331,62618
188331,62944
188331,63136
188331,63188
188331,63218
188331,63360
188331,63510
188331,63540
188343,1304
188343,1370
188343,61542
188604,1304
188604,1370
188604,1372
188604,61364
188604,61542
188604,63186
188604,63188
188637,1304
188637,1370
188637,1372
188637,10652
188637,11262
188637,30500
188637,33886
188637,35732
188637,39186
188637,44302
188637,50716
188637,56714
188637,57414
188637,59822
188637,61542
188637,61558
188637,62074
188637,63188
188637,63360
188685,1304
188685,1370
188685,1372
188685,11262
188685,30500
188685,59822
188685,61542
188685,62376
188685,63188
188700,1304
188700,1370
188700,1372
188700,10652
188700,11262
188700,16358
188700,30500
188700,33886
188700,35732
188700,35846
188700,39186
188700,50716
188700,59396
188700,61542
188700,61552
188700,62074
188700,63188
188700,63510
188730,124
188730,1304
188730,1370
188730,1372
188730,10652
188730,11262
188730,30500
188730,32496
188730,33886
188730,34092
188730,35732
188730,39186
188730,44302
188730,49888
188730,50274
188730,50716
188730,53160
188730,54096
188730,55798
188730,56714
188730,57414
188730,59396
188730,59822
188730,61028
188730,61280
188730,61364
188730,61542
188730,61560
188730,61672
188730,62074
188730,62274
188730,62376
188730,62944
188730,63188
188730,63220
188730,63360
188787,124
188787,1304
188787,1370
188787,1372
188787,10652
188787,11262
188787,30500
188787,33886
188787,34092
188787,35732
188787,39186
188787,49888
188787,50716
188787,53160
188787,54096
188787,56714
188787,57414
188787,59396
188787,59822
188787,61280
188787,61364
188787,61542
188787,62074
188787,62170
188787,62944
188787,63188
188787,63220
188787,63360
188787,63510
188787,63540
188844,1304
188844,1370
188844,1372
188844,10652
188844,11262
188844,30500
188844,35732
188844,39186
188844,49888
188844,50270
188844,50716
188844,50718
188844,54096
188844,55798
188844,56714
188844,57414
188844,59822
188844,61364
188844,61542
188844,61672
188844,62074
188844,62274
188844,62944
188844,63188
188844,63218
188844,63510
188847,1304
188847,1372
188847,10808
188847,11262
188847,56714
188847,61028
188847,61364
188847,63188
188853,1304
188853,1370
188853,11262
188853,35732
188853,56714
188853,59822
188853,61542
188937,1304
188937,1370
188937,1372
188937,10652
188937,11262
188937,30500
188937,35732
188937,44302
188937,50716
188937,56714
188937,57414
188937,59822
188937,61280
188937,61364
188937,61542
188937,61558
188937,61560
188937,62074
188937,62170
188937,62376
188937,62944
188937,63188
188937,63510
188961,1304
188961,1370
188961,30500
188961,50718
188961,61542
188961,62074
189009,1304
189009,11262
189009,35732
189009,35846
189009,56696
189009,61542
189009,61558
189012,1304
189012,1370
189012,1372
189012,11262
189012,33886
189012,35732
189012,39186
189012,56714
189012,57414
189012,61542
189012,62170
189012,63188
189045,1304
189045,1370
189045,1372
189045,10652
189045,11262
189045,30500
189045,35732
189045,39186
189045,44302
189045,50716
189045,56714
189045,57414
189045,59822
189045,61028
189045,61364
189045,61542
189045,62074
189045,62170
189045,62944
189045,63188
189045,63360
189045,63418
189045,63510
190113,1370
190113,11262
190113,30500
190113,35732
190113,50718
190113,57414
190113,63188
190113,63510
190152,1304
190152,11262
190152,30500
190152,33886
190152,39186
190152,44302
190152,50716
190152,56714
190152,57414
190152,62274
190152,63360
190152,63510
190776,1304
190776,1370
190776,11262
190776,33886
190776,42132
190776,50274
190776,56696
190776,56714
190776,59822
190776,61280
190776,61542
190776,62376
190776,63188
190776,63360
191223,1304
191223,1370
191223,1372
191223,11262
191223,33886
191223,50716
191223,56714
191223,57414
191223,59822
191223,61542
191223,63188
191223,63510
191226,1304
191226,1370
191226,1372
191226,10808
191226,11262
191226,30500
191226,32496
191226,35846
191226,39186
191226,50716
191226,50718
191226,50720
191226,52918
191226,53160
191226,54096
191226,56714
191226,57414
191226,61280
191226,61364
191226,61542
191226,62074
191226,62170
191226,62400
191226,63188
191226,63510
191229,1304
191229,1372
191229,11262
191229,16358
191229,30500
191232,124
191232,1304
191232,1370
191232,1372
191232,10652
191232,10808
191232,11262
191232,11490
191232,16358
191232,30500
191232,32496
191232,33886
191232,35732
191232,35846
191232,36720
191232,39186
191232,44302
191232,48298
191232,50268
191232,50270
191232,50274
191232,50716
191232,50718
191232,50720
191232,52918
191232,53160
191232,53406
191232,54096
191232,56484
191232,56696
191232,56714
191232,57414
191232,57804
191232,59394
191232,59396
191232,59822
191232,61028
191232,61280
191232,61348
191232,61364
191232,61542
191232,61558
191232,61560
191232,61672
191232,62074
191232,62170
191232,62274
191232,62400
191232,62618
191232,62944
191232,63136
191232,63186
191232,63188
191232,63218
191232,63360
191232,63510
191238,1304
191238,1370
191238,1372
191238,10652
191238,30500
191238,50716
191238,56696
191238,56714
191238,57414
191238,61542
191238,61672
191238,63188
191238,63510
191247,1304
191247,1370
191247,1372
191247,10652
191247,11262
191247,16358
191247,30500
191247,33534
191247,33886
191247,35732
191247,35846
191247,39186
191247,42132
191247,44302
191247,50716
191247,53160
191247,56696
191247,56714
191247,57414
191247,59396
191247,61364
191247,61542
191247,61552
191247,61558
191247,61560
191247,61672
191247,62074
191247,62274
191247,62944
191247,63188
191247,63360
191247,63418
191247,63510
191250,1304
191250,1370
191250,1372
191250,11262
191250,30500
191250,35846
191250,50716
191250,56714
191250,57414
191250,61542
191250,62074
191250,62944
191250,63188
191256,1304
191256,1370
191256,1372
191256,10652
191256,11262
191256,30500
191256,35732
191256,49888
191256,50716
191256,53160
191256,54096
191256,56714
191256,57414
191256,61542
191256,63188
191256,63360
191256,63510
191316,1304
191316,1370
191316,11262
191316,16358
191316,33886
191316,42132
191316,56714
191316,61364
191316,63188
191316,63360
191451,1304
191451,1370
191451,11262
191451,30500
191451,50716
191451,62074
191451,63510
191553,1304
191553,1372
191553,10652
191553,11262
191553,33886
191553,35732
191553,39186
191553,50716
191553,50718
191553,57414
191553,61364
191553,63188
191556,1370
191556,1372
191556,11262
191556,35732
191556,48574
191556,52918
191556,57414
191556,61364
191556,63188
191892,60
191892,10808
191892,42132
191892,44302
191892,50270
191892,53394
191892,56714
191892,59396
191892,59816
191892,61280
191892,62618
191892,63186
192144,1370
192144,33886
192144,57414
192159,1304
192159,1370
192159,1372
192159,10652
192159,11262
192159,30500
192159,33886
192159,34092
192159,39186
192159,50716
192159,56696
192159,56714
192159,57414
192159,59822
192159,61028
192159,61280
192159,61364
192159,61542
192159,62074
192159,62170
192159,62376
192159,63188
192159,63360
192159,63418
192159,63510
192300,1370
192300,1372
192300,10652
192300,11262
192300,30500
192300,33886
192300,34092
192300,35732
192300,39186
192300,44302
192300,50274
192300,50716
192300,54096
192300,56714
192300,57414
192300,59396
192300,59822
192300,61364
192300,62074
192300,62170
192300,62376
192300,62378
192300,63186
192300,63188
192300,63510
192300,63540
192549,50274
192549,56714
192564,1304
192564,1370
192564,1372
192564,10652
192564,11262
192564,16358
192564,30500
192564,33534
192564,33886
192564,34092
192564,35846
192564,39186
192564,42132
192564,44302
192564,48980
192564,50270
192564,50274
192564,50716
192564,53046
192564,53160
192564,56696
192564,56714
192564,57414
192564,59394
192564,59396
192564,61280
192564,61364
192564,61542
192564,62074
192564,62944
192564,63136
192564,63186
192564,63188
192564,63418
192564,63510
192564,63540
192618,1304
192618,1370
192618,16358
192618,35846
192618,56714
192627,1304
192627,1370
192627,11262
192627,59822
192627,61542
192714,1304
192714,1370
192714,11262
192714,16358
192714,56696
192714,56714
192714,59822
192714,61542
192714,62376
192717,1372
192717,11262
192717,59396
192717,61280
192735,1304
192735,1370
192735,1372
192735,10652
192735,11262
192735,35732
192735,48574
192735,49888
192735,50716
192735,56714
192735,57414
192735,61364
192735,61542
192735,61560
192735,63510
192756,1304
192756,11262
192756,30500
192756,33886
192756,34092
192756,35732
192756,50716
192756,50718
192756,57414
192756,61542
192756,63510
192768,1304
192768,1370
192768,10652
192768,11262
192768,57414
192768,61542
192768,62074
192768,63510
192771,1304
192771,10652
192771,11262
192771,30500
192771,33534
192771,33886
192771,35732
192771,44302
192771,50270
192771,50716
192771,50718
192771,53160
192771,54096
192771,56696
192771,56714
192771,57414
192771,59396
192771,61028
192771,61280
192771,61542
192771,61558
192771,61672
192771,62074
192771,62944
192771,63218
192771,63360
192771,63510
192942,124
192942,1304
192942,1370
192942,1372
192942,10652
192942,11262
192942,30500
192942,33886
192942,34092
192942,35732
192942,35846
192942,39186
192942,42132
192942,44302
192942,50716
192942,54096
192942,56484
192942,56714
192942,57414
192942,59822
192942,61028
192942,61364
192942,61542
192942,61552
192942,61558
192942,62074
192942,62944
192942,63188
192942,63360
192942,63510
193323,1304
193323,1370
193323,1372
193323,10652
193323,11262
193323,30500
193323,32496
193323,33534
193323,33886
193323,34092
193323,35732
193323,39186
193323,44302
193323,48980
193323,49888
193323,50270
193323,50274
193323,50716
193323,50718
193323,50970
193323,53048
193323,53160
193323,53406
193323,54096
193323,56714
193323,57414
193323,59396
193323,59822
193323,61280
193323,61364
193323,61540
193323,61542
193323,61560
193323,61672
193323,62074
193323,62274
193323,62376
193323,62400
193323,62618
193323,62944
193323,63136
193323,63188
193323,63218
193323,63220
193323,63360
193323,63418
193323,63510
193542,1304
193542,10808
193542,39186
193542,44302
193542,50716
193911,1304
193911,1372
193911,11262
193911,63188
193965,10652
193965,11262
193965,30500
193965,32496
193965,33886
193965,35732
193965,39186
193965,54096
193965,56714
193965,59396
193965,62944
193965,63360
193965,63540
194082,1304
194082,1370
194082,1372
194082,10652
194082,11262
194082,30500
194082,35732
194082,39186
194082,50718
194082,53160
194082,56714
194082,59822
194082,61028
194082,61280
194082,61364
194082,61542
194082,62074
194082,62170
194082,62376
194082,62400
194082,62944
194082,63188
194208,1304
194208,1370
194208,10652
194208,11262
194208,30500
194208,33886
194208,39186
194208,44302
194208,50716
194208,50720
194208,56714
194208,57414
194208,59396
194208,61280
194208,61542
194208,63360
194229,124
194229,1304
194229,1370
194229,1372
194229,3382
194229,10652
194229,10808
194229,11262
194229,11490
194229,16358
194229,30500
194229,32496
194229,33534
194229,33886
194229,34092
194229,35732
194229,35846
194229,36720
194229,39186
194229,42132
194229,44302
194229,48980
194229,50270
194229,50272
194229,50274
194229,50716
194229,50718
194229,51974
194229,53160
194229,53386
194229,53406
194229,54096
194229,54290
194229,56714
194229,57414
194229,57804
194229,59396
194229,59816
194229,59822
194229,61028
194229,61280
194229,61348
194229,61364
194229,61540
194229,61542
194229,61552
194229,61558
194229,61672
194229,62074
194229,62618
194229,62944
194229,63186
194229,63188
194229,63218
194229,63220
194229,63360
194229,63418
194229,63510
194229,63538
194388,1304
194388,1370
194388,11262
194388,16358
194388,30500
194388,46632
194388,56714
194409,1304
194409,1370
194409,10652
194409,11262
194409,30500
194409,33886
194409,35846
194409,39186
194409,50716
194409,54096
194409,63510
194424,1304
194424,11262
194424,33886
194424,35732
194424,50716
194424,50718
194424,56714
194601,124
194601,1304
194601,1370
194601,1372
194601,3382
194601,10652
194601,11262
194601,16358
194601,30500
194601,32496
194601,33886
194601,35732
194601,35846
194601,36720
194601,39186
194601,44302
194601,48298
194601,48980
194601,50270
194601,50272
194601,50274
194601,50716
194601,50718
194601,51974
194601,53160
194601,54096
194601,54290
194601,57804
194601,59396
194601,61280
194601,61348
194601,61364
194601,61542
194601,61558
194601,62274
194601,62400
194601,62944
194601,63186
194601,63188
194601,63360
194601,63510
194601,63538
194718,1304
194718,11262
194718,30500
194718,33886
194718,35846
194718,50716
194718,61542
194718,61552
194790,1304
194790,1370
194790,1372
194790,11262
194790,33886
194790,35732
194790,49888
194790,50716
194790,56696
194790,56714
194790,57414
194790,59822
194790,61280
194790,61364
194790,61542
194790,61558
194790,61560
194790,62074
194790,62376
194790,63188
194790,63360
194883,124
194883,1304
194883,1370
194883,1372
194883,10652
194883,11262
194883,16358
194883,30500
194883,33886
194883,35732
194883,36720
194883,39186
194883,44302
194883,50270
194883,50274
194883,50716
194883,50718
194883,52918
194883,53160
194883,54096
194883,56714
194883,57414
194883,57804
194883,59394
194883,59396
194883,61028
194883,61280
194883,61364
194883,61542
194883,61558
194883,61560
194883,61672
194883,62074
194883,62944
194883,63188
194883,63218
194883,63360
194883,63510
194904,124
194904,1304
194904,1370
194904,1372
194904,3382
194904,10652
194904,11262
194904,16358
194904,30500
194904,33886
194904,34092
194904,35732
194904,35846
194904,39186
194904,48980
194904,50270
194904,50272
194904,50274
194904,50716
194904,50718
194904,52918
194904,53160
194904,53406
194904,54096
194904,56696
194904,56714
194904,57414
194904,57804
194904,59394
194904,59396
194904,59816
194904,59822
194904,61028
194904,61280
194904,61348
194904,61364
194904,61542
194904,61558
194904,61560
194904,61672
194904,62074
194904,62170
194904,62400
194904,62944
194904,63136
194904,63188
194904,63218
194904,63360
194904,63510
195063,1304
195063,1370
195063,1372
195063,3382
195063,10652
195063,11262
195063,16358
195063,30500
195063,35732
195063,39186
195063,50716
195063,50718
195063,54096
195063,56714
195063,57414
195063,61364
195063,61542
195063,62944
195063,63188
195063,63510
195249,1304
195249,1370
195249,1372
195249,11262
195249,16358
195249,30500
195249,33886
195249,59822
195249,61542
195249,63188
195372,1304
195372,1370
195372,1372
195372,11262
195372,33886
195372,34092
195372,35732
195372,39186
195372,50716
195372,53160
195372,56714
195372,57414
195372,59822
195372,61542
195372,63188
195372,63360
195378,1304
195378,1372
195378,11262
195378,33886
195378,39186
195378,49888
195378,57414
195378,61364
195378,63188
195378,63510
195447,1370
195447,11262
195447,33886
195447,56714
195507,1304
195507,1370
195507,1372
195507,11262
195507,30500
195507,33886
195507,35732
195507,44302
195507,50716
195507,56714
195507,57414
195507,59396
195507,59822
195507,61280
195507,61542
195507,62074
195507,62170
195507,63188
195507,63510
195582,1304
195582,1370
195582,11262
195582,30500
195582,33886
195582,50716
195582,56714
195582,61542
195723,1304
195723,1370
195723,10652
195723,11262
195723,30500
195723,33886
195723,34092
195723,35732
195723,39186
195723,44302
195723,50716
195723,50718
195723,50720
195723,56714
195723,57414
195723,59822
195723,61542
195723,62074
195723,62376
195723,62378
195723,62944
195723,63188
195723,63218
195723,63418
195723,63510
195771,124
195771,1304
195771,1370
195771,1372
195771,10652
195771,11262
195771,30500
195771,33886
195771,35732
195771,39186
195771,50716
195771,57414
195771,59822
195771,61364
195771,61542
195771,61558
195771,62170
195771,62376
195771,62944
195771,63188
195771,63510
195894,1304
195894,1370
195894,1372
195894,11262
195894,48574
195894,56714
195894,57414
195894,63188
196302,1304
196302,1372
196302,11262
196302,30500
196302,35732
196302,39186
196302,50716
196302,50718
196302,56714
196302,57414
196302,59822
196302,61028
196302,61542
196302,63188
196302,63218
196311,1304
196311,1370
196311,11262
196311,33886
196311,42132
196311,50270
196311,56714
196311,59396
196311,61542
196311,63186
196455,1304
196455,50716
196455,57414
196455,59822
196455,63136
196455,63510
196722,1304
196722,1370
196722,10652
196722,11262
196722,33534
196722,33886
196722,34092
196722,48574
196722,56696
196722,56714
196722,57414
196722,61542
196722,61558
196722,62274
196722,63510
196845,1304
196845,1370
196845,1372
196845,10652
196845,11262
196845,16358
196845,30500
196845,33886
196845,35732
196845,35846
196845,36720
196845,39186
196845,42132
196845,44302
196845,50270
196845,50272
196845,50274
196845,50716
196845,51974
196845,53160
196845,53386
196845,56696
196845,56714
196845,57414
196845,57804
196845,59394
196845,59396
196845,59822
196845,61028
196845,61280
196845,61348
196845,61364
196845,61542
196845,61552
196845,61558
196845,61560
196845,61672
196845,62074
196845,62170
196845,62274
196845,62376
196845,62400
196845,62944
196845,63136
196845,63188
196845,63360
196845,63418
197034,1370
197034,30500
197034,57414
197286,1304
197286,1370
197286,1372
197286,10652
197286,11262
197286,16358
197286,30500
197286,32496
197286,33886
197286,34092
197286,35732
197286,35846
197286,36720
197286,36762
197286,39186
197286,44302
197286,48298
197286,48980
197286,50270
197286,50272
197286,50274
197286,50716
197286,50720
197286,51974
197286,52918
197286,53160
197286,53406
197286,54096
197286,54290
197286,56696
197286,56714
197286,57414
197286,57804
197286,59394
197286,59396
197286,59822
197286,61028
197286,61280
197286,61348
197286,61364
197286,61542
197286,61558
197286,61560
197286,61672
197286,62074
197286,62170
197286,62376
197286,62378
197286,62400
197286,62618
197286,62944
197286,63136
197286,63188
197286,63218
197286,63360
197286,63510
197529,124
197529,1304
197529,1370
197529,1372
197529,11262
197529,30500
197529,35732
197529,50718
197529,54096
197529,56714
197529,57414
197529,59822
197529,61364
197529,61542
197529,62170
197529,62376
197529,63186
197529,63188
197529,63510
197595,1304
197595,1370
197595,1372
197595,10652
197595,11262
197595,30500
197595,56714
197595,57414
197595,61364
197595,61542
197595,62074
197595,62944
197595,63188
197595,63510
197673,1304
197673,1370
197673,1372
197673,11262
197673,30500
197673,33886
197673,34092
197673,35846
197673,44302
197673,50716
197673,54096
197673,56696
197673,56714
197673,57414
197673,61542
197673,63186
197673,63188
197673,63510
197676,1304
197676,1370
197676,1372
197676,10652
197676,11262
197676,33886
197676,35732
197676,39186
197676,48574
197676,49888
197676,50716
197676,57414
197676,61542
197676,63188
197676,63510
197799,1304
197799,1370
197799,10652
197799,11262
197799,30500
197799,56696
197799,63510
197802,10652
197802,11262
197802,30500
197802,33886
197802,35732
197802,39186
197802,44302
197802,50272
197802,50274
197802,50716
197802,50718
197802,54290
197802,56714
197802,57804
197802,59396
197802,61028
197802,61280
197802,61672
197802,62274
197802,62944
197802,63510
197835,1304
197835,1370
197835,1372
197835,10808
197835,11262
197835,30500
197835,32496
197835,35732
197835,39186
197835,50716
197835,52918
197835,54096
197835,56714
197835,57414
197835,59822
197835,61028
197835,61280
197835,61364
197835,61542
197835,61672
197835,62074
197835,62170
197835,62400
197835,63188
197835,63510
198057,1370
198210,1304
198210,1370
198210,1372
198210,10652
198210,11262
198210,30500
198210,33886
198210,35732
198210,39186
198210,50270
198210,50274
198210,50716
198210,50718
198210,56714
198210,57414
198210,59396
198210,59822
198210,61280
198210,61364
198210,61542
198210,61558
198210,62170
198210,63188
198210,63220
198210,63510
198279,1304
198279,1370
198279,1372
198279,10652
198279,11262
198279,30500
198279,35732
198279,39186
198279,44302
198279,50274
198279,50716
198279,56714
198279,57414
198279,59396
198279,61542
198279,61560
198279,63188
198279,63510
198522,1304
198522,11262
198522,30500
198522,56714
198522,57414
198534,124
198534,1304
198534,1370
198534,3382
198534,11262
198534,30500
198534,33886
198534,50716
198534,50720
198534,52918
198534,56714
198534,57414
198534,59822
198534,62074
198534,62170
198534,62376
198534,63510
198552,1304
198552,1370
198552,10652
198552,11262
198552,16358
198552,30500
198552,61542
198552,62074
198573,1304
198573,1370
198573,1372
198573,10652
198573,10808
198573,11262
198573,30500
198573,39186
198573,44302
198573,50716
198573,54096
198573,56714
198573,57414
198573,59396
198573,61028
198573,61364
198573,61542
198573,62274
198573,63188
198792,1304
198792,1370
198792,10652
198792,11262
198792,35732
198792,56714
198792,59822
198792,61542
198801,1304
198801,1370
198801,1372
198801,10652
198801,11262
198801,30500
198801,33886
198801,34092
198801,35732
198801,35846
198801,39186
198801,50716
198801,50718
198801,53160
198801,54096
198801,56714
198801,57414
198801,61028
198801,61280
198801,61364
198801,61542
198801,61560
198801,61672
198801,62074
198801,63188
198801,63360
198855,1372
198855,50716
198855,56714
198855,63188
198855,63418
198867,1304
198867,1370
198867,1372
198867,10652
198867,11262
198867,30500
198867,32496
198867,33886
198867,39186
198867,50716
198867,50718
198867,53160
198867,54096
198867,56714
198867,57414
198867,61542
198867,61672
198867,62074
198867,63188
198867,63510
198873,1304
198873,1370
198873,1372
198873,10652
198873,11262
198873,30500
198873,33886
198873,35732
198873,39186
198873,44302
198873,50274
198873,50716
198873,50718
198873,53160
198873,54096
198873,56714
198873,57414
198873,59396
198873,59822
198873,61028
198873,61542
198873,61560
198873,62074
198873,62944
198873,63188
198873,63360
198882,1304
198882,1370
198882,1372
198882,10652
198882,11262
198882,30500
198882,32496
198882,33886
198882,34092
198882,35732
198882,35846
198882,39186
198882,44302
198882,50268
198882,50270
198882,50272
198882,50274
198882,50716
198882,50718
198882,53406
198882,54096
198882,55798
198882,56696
198882,56714
198882,57414
198882,59396
198882,59816
198882,59822
198882,61028
198882,61280
198882,61364
198882,61540
198882,61542
198882,61552
198882,61558
198882,61560
198882,61672
198882,62074
198882,62376
198882,62378
198882,62400
198882,62618
198882,62944
198882,63136
198882,63188
198882,63418
198882,63510
198945,1304
198945,1370
198945,1372
198945,11262
198945,33886
198945,39186
198945,50716
198945,57414
198945,61542
198945,63188
198945,63510
198981,1304
198981,1370
198981,1372
198981,10652
198981,11262
198981,30500
198981,35732
198981,35846
198981,39186
198981,44302
198981,50716
198981,56714
198981,57414
198981,59822
198981,61028
198981,61364
198981,61542
198981,62074
198981,62170
198981,62376
198981,63188
198981,63510
198990,1304
198990,11262
198990,50268
198990,61542
199044,11262
199044,30500
199044,50716
199044,57414
199242,1370
199242,1372
199242,10652
199242,11262
199242,11490
199242,16358
199242,30500
199242,32496
199242,33886
199242,34092
199242,35732
199242,50716
199242,50720
199242,56696
199242,56714
199242,57804
199242,59822
199242,61558
199242,62170
199242,63188
199479,1304
199479,1370
199479,1372
199479,10652
199479,11262
199479,33886
199479,35732
199479,39186
199479,44302
199479,50716
199479,56696
199479,56714
199479,57414
199479,61542
199479,61558
199479,62944
199479,63188
199479,63360
199854,1304
199854,1370
199854,1372
199854,10652
199854,11262
199854,16358
199854,30500
199854,33534
199854,33886
199854,35732
199854,35846
199854,39186
199854,44302
199854,49888
199854,50716
199854,50718
199854,52918
199854,53160
199854,54096
199854,56714
199854,57414
199854,59394
199854,59396
199854,59822
199854,61028
199854,61280
199854,61364
199854,61542
199854,61560
199854,61672
199854,62074
199854,62170
199854,62274
199854,62944
199854,63186
199854,63188
199854,63218
199854,63360
199854,63510
199854,63540
199860,1304
199860,10652
199860,11262
199860,30500
199860,33534
199860,33886
199860,39186
199860,44302
199860,50716
199860,56696
199860,56714
199860,57414
199860,59396
199860,61542
199860,62074
199860,62944
199860,63360
199860,63510
200259,1304
200259,1370
200259,1372
200259,11262
200259,56714
200259,57414
200259,61542
200259,63188
200364,50716
200364,57414
200364,63510
200502,1304
200502,1370
200502,1372
200502,10652
200502,11262
200502,30500
200502,33886
200502,35732
200502,35846
200502,39186
200502,44302
200502,50270
200502,50274
200502,50716
200502,56714
200502,57414
200502,59396
200502,61280
200502,61542
200502,62944
200502,63186
200502,63188
200502,63218
200502,63510
200508,1304
200508,1370
200508,1372
200508,35732
200508,57414
200508,59822
200508,61364
200508,61542
200508,62378
200508,63188
200964,124
200964,1304
200964,1370
200964,1372
200964,10652
200964,11262
200964,30500
200964,32496
200964,33886
200964,34092
200964,35732
200964,39186
200964,44302
200964,49888
200964,50270
200964,50272
200964,50274
200964,50716
200964,50718
200964,54096
200964,56714
200964,57414
200964,57804
200964,59394
200964,59396
200964,61280
200964,61542
200964,62944
200964,63360
200964,63510
200964,63540
201030,124
201030,11262
201030,16358
201030,30500
201030,32496
201030,33534
201030,33886
201030,35732
201030,35846
201030,39186
201030,49888
201030,54096
201030,57414
201030,62274
201030,63510
201282,1304
201282,11262
201282,30500
201282,61542
201282,62074
201522,1304
201522,1372
201522,3382
201522,10808
201522,36720
201522,39186
201522,49888
201522,50274
201522,56714
201522,57804
201522,59394
201522,63188
201564,1304
201564,10652
201564,11262
201564,30500
201564,35732
201564,49888
201564,50716
201564,54096
201564,56714
201564,57414
201564,59394
201564,59822
201564,61280
201564,61542
201564,62074
201564,62860
201564,62944
201564,63188
201564,63220
201564,63510
201741,1304
201741,1370
201741,11262
201741,16358
201741,33534
201741,33886
201741,34092
201741,35732
201741,39186
201741,56714
201741,61542
201798,1304
201798,1370
201798,11262
201798,30500
201798,33886
201798,50716
201798,56714
201798,57414
201798,59822
201798,61280
201798,62074
201798,62376
201798,63510
201837,1304
201837,11262
201837,30500
201837,35732
201837,56714
201837,57414
201837,61542
201852,124
201852,1304
201852,1370
201852,1372
201852,10652
201852,11262
201852,11490
201852,30500
201852,32496
201852,35732
201852,39186
201852,50274
201852,50716
201852,50718
201852,54096
201852,56714
201852,57414
201852,57804
201852,59394
201852,59396
201852,59822
201852,61364
201852,61542
201852,61558
201852,61672
201852,62074
201852,62170
201852,62376
201852,62944
201852,63186
201852,63188
201852,63360
201852,63510
202638,1304
202638,1370
202638,10652
202638,11262
202638,30500
202638,50716
202638,56714
202638,57414
202638,61542
202818,1304
202818,1370
202818,1372
202818,10652
202818,11262
202818,30500
202818,34092
202818,44302
202818,50274
202818,50716
202818,50718
202818,56714
202818,57414
202818,61542
202818,62944
202818,63188
202959,1304
202959,1370
202959,1372
202959,10652
202959,11262
202959,33886
202959,34092
202959,50716
202959,56714
202959,57414
202959,59822
202959,61364
202959,61542
202959,62170
202959,62376
202959,63188
202959,63510
203052,1304
203052,10652
203052,11262
203052,33886
203052,50716
203052,56696
203052,56714
203052,57414
203052,61542
203052,62074
203052,62944
203052,63510
203055,1304
203055,1370
203055,11262
203055,33886
203055,50716
203055,61542
203055,62376
203055,62944
203055,63510
203058,1304
203058,1370
203058,1372
203058,10652
203058,11262
203058,30500
203058,33886
203058,34092
203058,35732
203058,35846
203058,39186
203058,44302
203058,50274
203058,50716
203058,50718
203058,53160
203058,53386
203058,53394
203058,56714
203058,57414
203058,59394
203058,59396
203058,59822
203058,61280
203058,61542
203058,61552
203058,61558
203058,61560
203058,61672
203058,62376
203058,62944
203058,63136
203058,63188
203058,63418
203058,63510
203073,1304
203073,1370
203073,10652
203073,11262
203073,16358
203073,30500
203073,33886
203073,34092
203073,35732
203073,39186
203073,49888
203073,50716
203073,56714
203073,57414
203073,61542
203073,62074
203073,62376
203073,63220
203073,63418
203073,63510
203082,124
203082,1304
203082,1370
203082,10652
203082,11262
203082,16358
203082,30500
203082,35846
203082,49888
203082,50718
203082,56714
203082,57414
203082,59396
203082,62074
203082,63188
203088,1304
203088,1370
203088,35732
203088,56696
203088,56714
203088,61542
203088,62074
203094,1370
203094,35846
203100,1304
203100,11262
203100,30500
203100,33886
203100,34092
203100,50716
203100,56714
203100,59822
203100,61542
203106,1304
203106,1372
203106,11262
203106,33886
203106,35846
203106,44302
203106,50716
203106,57414
203106,59396
203106,61542
203106,61552
203106,62170
203106,63510
203112,1304
203112,1370
203112,1372
203112,10652
203112,11262
203112,30500
203112,33886
203112,34092
203112,35732
203112,39186
203112,49888
203112,50716
203112,50718
203112,56714
203112,57414
203112,59822
203112,61542
203112,62074
203112,62944
203112,63188
203112,63360
203118,11262
203118,56714
203118,57414
203127,30500
203127,33886
203127,57414
203127,63510
203133,1304
203133,1370
203133,1372
203133,10652
203133,11262
203133,16358
203133,30500
203133,33886
203133,35732
203133,39186
203133,44302
203133,46632
203133,49888
203133,50718
203133,54096
203133,56714
203133,57414
203133,57804
203133,59822
203133,61364
203133,61542
203133,61672
203133,62074
203133,62170
203133,62376
203133,62944
203133,63136
203133,63188
203133,63510
203142,1304
203142,1370
203142,11262
203142,30500
203142,50716
203142,56696
203142,56714
203142,57414
203142,61542
203142,62074
203142,62274
203142,63510
203145,1304
203145,1370
203145,10652
203145,11262
203145,33886
203145,34092
203145,35732
203145,39186
203145,49888
203145,50716
203145,55798
203145,56714
203145,57414
203145,61542
203145,62074
203145,62274
203145,63418
203145,63510
203151,1370
203151,11262
203151,30500
203151,33886
203151,34092
203151,49888
203151,50274
203151,50716
203151,50718
203151,53394
203151,56696
203151,56714
203151,57414
203151,57804
203151,61280
203151,62074
203151,62274
203151,63510
203166,1304
203166,1370
203166,1372
203166,10652
203166,11262
203166,30500
203166,33886
203166,35732
203166,39186
203166,44302
203166,49888
203166,50274
203166,50716
203166,56714
203166,57414
203166,59822
203166,61028
203166,61280
203166,61364
203166,61542
203166,62170
203166,62944
203166,63188
203166,63510
203175,1304
203175,1370
203175,1372
203175,10652
203175,11262
203175,16358
203175,30500
203175,33886
203175,35846
203175,39186
203175,42132
203175,44302
203175,50270
203175,50274
203175,50716
203175,57414
203175,59396
203175,61028
203175,61542
203175,61672
203175,62944
203175,63186
203175,63188
203178,1304
203178,1370
203178,1372
203178,10652
203178,11262
203178,16358
203178,33886
203178,35846
203178,39186
203178,42132
203178,49888
203178,50716
203178,53160
203178,56696
203178,56714
203178,57414
203178,59822
203178,61542
203178,61552
203178,62376
203178,63186
203178,63188
203178,63418
203181,1304
203181,1370
203181,1372
203181,16358
203181,35732
203181,39186
203181,63188
203184,1370
203184,10652
203184,35732
203184,35846
203184,49888
203184,50716
203184,50718
203184,63186
203199,1304
203199,1370
203199,1372
203199,11262
203199,61364
203199,63188
203214,1304
203214,1370
203214,1372
203214,10652
203214,11262
203214,35732
203214,39186
203214,50716
203214,57414
203214,63188
203214,63510
203232,1304
203232,1370
203232,1372
203232,10652
203232,11262
203232,33886
203232,56714
203232,57414
203232,61542
203232,61672
203232,62074
203232,63188
203241,1370
203241,10652
203241,11262
203241,30500
203241,34092
203241,49888
203241,50716
203241,57414
203241,63510
203247,1370
203247,10652
203256,1304
203256,1370
203256,1372
203256,10652
203256,11262
203256,11490
203256,16358
203256,30500
203256,33534
203256,33886
203256,34092
203256,35732
203256,35846
203256,39186
203256,42132
203256,44302
203256,49888
203256,50270
203256,50272
203256,50716
203256,50718
203256,53160
203256,54096
203256,56696
203256,56714
203256,57414
203256,59396
203256,61028
203256,61364
203256,61540
203256,61542
203256,61552
203256,61558
203256,61560
203256,61672
203256,62074
203256,62274
203256,62944
203256,63186
203256,63188
203256,63360
203256,63418
203256,63510
203259,1304
203259,1370
203259,10652
203259,11262
203259,16358
203259,30500
203259,33886
203259,35732
203259,35846
203259,39186
203259,42132
203259,44302
203259,49888
203259,50716
203259,50718
203259,53160
203259,53386
203259,53394
203259,54096
203259,56696
203259,56714
203259,57414
203259,59396
203259,59816
203259,59822
203259,61028
203259,61364
203259,61542
203259,61552
203259,61672
203259,62074
203259,62376
203259,62944
203259,63360
203259,63510
203268,1304
203268,1370
203268,10652
203268,11262
203268,30500
203268,44302
203268,50716
203268,56714
203268,57414
203268,61542
203268,61672
203268,62074
203268,62170
203268,62274
203268,63510
203271,1370
203271,11262
203271,16358
203271,33534
203271,35732
203271,62074
203274,124
203274,1304
203274,1370
203274,1372
203274,10652
203274,11262
203274,56696
203274,61542
203274,62074
203274,63188
203277,33886
203277,42132
203277,59816
203277,63186
203280,1370
203280,10652
203280,62944
203280,63510
203295,1304
203295,1372
203295,10652
203295,11262
203295,33886
203295,34092
203295,35732
203295,44302
203295,49888
203295,50716
203295,56714
203295,57414
203295,59822
203295,61364
203295,61542
203295,62378
203295,63188
203295,63218
203295,63510
203301,1304
203301,1370
203301,1372
203301,11262
203301,33886
203301,50716
203301,56714
203301,57414
203301,59822
203301,61542
203301,63188
203301,63510
203310,1304
203310,1370
203310,10652
203310,11262
203310,33886
203310,34092
203310,39186
203310,50716
203310,50718
203310,56714
203310,57414
203310,59396
203310,59822
203310,61542
203310,63188
203316,1370
203316,11262
203316,30500
203316,33886
203316,34092
203316,44302
203316,50270
203316,56484
203316,56714
203316,57414
203316,61280
203316,63218
203316,63220
203316,63510
203322,1304
203322,1370
203322,3382
203322,10652
203322,11262
203322,30500
203322,33886
203322,35732
203322,39186
203322,48574
203322,50716
203322,56696
203322,56714
203322,57414
203322,61542
203322,63510
203328,1304
203328,11262
203328,30500
203328,52918
203328,56714
203328,61542
203388,1304
203388,11262
203388,30500
203388,33886
203388,50716
203388,50718
203388,57414
203388,59822
203388,61542
203388,63510
203439,1304
203439,1370
203439,10652
203439,11262
203439,16358
203439,30500
203439,35732
203439,35846
203439,50716
203439,57414
203439,61542
203439,61552
203439,61672
203439,62074
203439,62376
203439,63510
203445,1304
203445,1370
203445,10652
203445,11262
203445,16358
203445,30500
203445,33534
203445,35846
203445,57414
203445,61542
203445,61552
203445,62074
203445,62944
203445,63510
203451,1370
203454,1370
203454,10652
203454,11262
203454,16358
203454,30500
203454,33886
203454,35846
203454,39186
203454,50716
203454,54096
203454,56714
203454,57414
203454,62074
203454,62378
203454,63186
203454,63510
203460,1304
203460,1370
203460,1372
203460,10652
203460,11262
203460,16358
203460,30500
203460,33886
203460,34092
203460,39186
203460,44302
203460,50270
203460,50716
203460,56714
203460,57414
203460,57804
203460,59394
203460,59396
203460,59816
203460,61028
203460,61348
203460,61364
203460,61542
203460,61672
203460,62074
203460,62376
203460,62400
203460,62944
203460,63188
203460,63510
203502,1304
203502,10652
203502,11262
203502,16358
203502,30500
203502,32496
203502,33534
203502,33886
203502,34092
203502,35732
203502,35846
203502,44302
203502,48980
203502,50716
203502,50718
203502,52918
203502,53160
203502,56714
203502,57414
203502,59822
203502,61280
203502,61542
203502,61560
203502,62074
203502,62170
203502,62378
203502,62944
203502,63218
203502,63360
203502,63510
203502,63540
203511,1304
203511,1370
203511,10652
203511,11262
203511,35732
203511,50716
203511,57414
203511,61542
203511,63510
203517,1304
203517,1370
203517,10652
203517,11262
203517,30500
203517,33886
203517,35846
203517,42132
203517,54096
203517,59822
203517,61542
203517,63186
203532,1304
203532,1372
203532,11262
203532,30500
203532,33886
203532,44302
203532,56714
203532,57414
203532,59394
203532,59822
203532,61542
203532,62944
203532,63188
203532,63418
203532,63510
203574,1304
203574,11262
203574,30500
203574,39186
203574,50716
203574,50718
203574,56714
203574,57414
203574,61542
203574,62944
203574,63218
203574,63510
203646,1304
203646,1370
203646,10652
203646,11262
203646,30500
203646,49888
203646,56696
203646,56714
203646,57414
203646,59396
203646,63188
203646,63510
203661,1304
203661,1370
203661,10652
203661,11262
203661,30500
203661,33886
203661,44302
203661,50716
203661,56714
203661,57414
203661,61542
203661,63418
203670,1304
203670,1370
203670,10652
203670,11262
203670,61542
203673,124
203673,1304
203673,1370
203673,3382
203673,10652
203673,11262
203673,16358
203673,30500
203673,33534
203673,33886
203673,35732
203673,35846
203673,39186
203673,42132
203673,44302
203673,50270
203673,50274
203673,50716
203673,50718
203673,53160
203673,53394
203673,54096
203673,56696
203673,56714
203673,57414
203673,59394
203673,59396
203673,59816
203673,61280
203673,61560
203673,61672
203673,62274
203673,62944
203673,63360
203673,63418
203673,63510
203673,63540
203700,1304
203700,1370
203700,1372
203700,10652
203700,11262
203700,16358
203700,30500
203700,33886
203700,35732
203700,39186
203700,49888
203700,50716
203700,53160
203700,56714
203700,57414
203700,59822
203700,61028
203700,61542
203700,61558
203700,61672
203700,62274
203700,63510
203706,1304
203706,11262
203706,35846
203706,57414
203706,61542
203706,61552
203709,1304
203709,11262
203709,61542
203724,1304
203724,1370
203724,1372
203724,10652
203724,11262
203724,30500
203724,33886
203724,35732
203724,35846
203724,36720
203724,50270
203724,50272
203724,50274
203724,50716
203724,50720
203724,53160
203724,54096
203724,56714
203724,57414
203724,57804
203724,59396
203724,59822
203724,61280
203724,61542
203724,62944
203724,63136
203724,63188
203724,63360
203724,63510
203727,1304
203727,1370
203727,11262
203727,30500
203727,50716
203727,57414
203727,59822
203727,61542
203727,63510
203733,1304
203733,1370
203733,10652
203733,11262
203733,33886
203733,34092
203733,44302
203733,50716
203733,53394
203733,54096
203733,56696
203733,56714
203733,57414
203733,61542
203733,63188
203733,63510
203736,1304
203736,1370
203736,11262
203736,30500
203736,33886
203736,61542
203775,1304
203775,1370
203775,10652
203775,33886
203775,35732
203784,1304
203784,1370
203784,1372
203784,11262
203784,35732
203784,57414
203784,61364
203784,61542
203784,63188
203784,63510
203790,1304
203790,1370
203790,1372
203790,10652
203790,11262
203790,16358
203790,30500
203790,35846
203790,50716
203790,56696
203790,57414
203790,59822
203790,61542
203790,62170
203790,62376
203790,63188
203790,63510
203796,124
203796,1304
203796,1370
203796,1372
203796,10652
203796,11262
203796,30500
203796,33886
203796,35732
203796,39186
203796,44302
203796,48980
203796,50270
203796,50274
203796,50716
203796,50718
203796,53160
203796,53386
203796,53394
203796,53406
203796,54096
203796,56714
203796,57414
203796,59394
203796,59396
203796,59822
203796,61028
203796,61280
203796,61364
203796,61542
203796,61672
203796,62376
203796,62618
203796,62944
203796,63136
203796,63188
203796,63218
203796,63220
203796,63510
203811,1304
203811,1370
203811,11262
203811,33534
203811,50716
203811,57414
203811,59822
203811,62074
203811,62376
203811,63136
203811,63218
203820,124
203820,1304
203820,1370
203820,1372
203820,10652
203820,11262
203820,11490
203820,16358
203820,33886
203820,35732
203820,35846
203820,39186
203820,49888
203820,50716
203820,56714
203820,57414
203820,59822
203820,61280
203820,61364
203820,61542
203820,61672
203820,62074
203820,62274
203820,63188
203820,63418
203820,63510
203829,1304
203829,1370
203829,10652
203829,11262
203829,30500
203829,33886
203829,34092
203829,49888
203829,50716
203829,52918
203829,53160
203829,56696
203829,56714
203829,57414
203829,59822
203829,61542
203829,62074
203829,62170
203829,62376
203829,62944
203829,63188
203829,63360
203829,63510
203829,63538
203868,1304
203868,1370
203868,1372
203868,10652
203868,11262
203868,30500
203868,33886
203868,50716
203868,54096
203868,56714
203868,57414
203868,59822
203868,61542
203868,62074
203868,62376
203868,63188
203871,1304
203871,1370
203871,1372
203871,11262
203871,30500
203871,33534
203871,50716
203871,56714
203871,61542
203871,63188
203871,63418
203871,63510
203889,1304
203889,11262
203889,30500
203889,33886
203889,50716
203889,57414
203889,61542
203889,62274
203889,63510
204054,1370
204054,10652
204054,10808
204054,11262
204054,30500
204054,54096
204054,59822
204054,63510
204057,1304
204057,1372
204057,10652
204057,11262
204057,30500
204057,33886
204057,39186
204057,50716
204057,56714
204057,57414
204057,59822
204057,62274
204057,63510
204093,1304
204093,1370
204093,1372
204093,10652
204093,11262
204093,30500
204093,35732
204093,39186
204093,50716
204093,56696
204093,56714
204093,57414
204093,61542
204093,61558
204093,61672
204093,62170
204093,63188
204141,1304
204141,1370
204141,11262
204141,33534
204141,56714
204141,61542
204141,62170
204144,1304
204144,1370
204144,1372
204144,10652
204144,11262
204144,16358
204144,30500
204144,33886
204144,35732
204144,39186
204144,44302
204144,50274
204144,50716
204144,50718
204144,56714
204144,57414
204144,59822
204144,61542
204144,61558
204144,62944
204144,63188
204144,63218
204144,63360
204189,124
204189,1304
204189,1370
204189,1372
204189,3382
204189,10652
204189,11262
204189,11490
204189,16358
204189,30500
204189,32496
204189,33886
204189,35732
204189,35846
204189,36720
204189,36722
204189,36762
204189,39186
204189,42132
204189,44302
204189,45912
204189,48298
204189,48574
204189,48980
204189,50270
204189,50272
204189,50274
204189,50716
204189,50720
204189,51974
204189,52918
204189,54096
204189,54290
204189,57804
204189,59394
204189,59396
204189,61364
204189,61542
204189,62944
204189,63186
204189,63188
204189,63510
204222,1304
204222,1370
204222,1372
204222,11262
204222,30500
204222,33886
204222,57414
204222,59822
204222,61542
204222,62376
204222,63188
204228,1304
204228,1370
204228,1372
204228,11262
204228,30500
204228,50716
204228,50718
204228,56714
204228,57414
204228,59822
204228,61364
204228,61542
204228,63188
204228,63510
204243,1304
204243,1370
204243,1372
204243,11262
204243,35732
204243,57414
204243,59822
204243,61542
204243,62074
204243,63510
204276,1304
204276,1370
204276,11262
204276,33886
204276,61542
204375,1304
204375,1370
204375,1372
204375,10652
204375,11262
204375,16358
204375,30500
204375,34092
204375,35732
204375,48574
204375,49888
204375,50716
204375,54096
204375,55798
204375,56714
204375,57414
204375,61280
204375,61542
204375,61558
204375,63186
204375,63188
204375,63510
204411,1370
204411,10652
204411,11262
204411,30500
204411,33886
204411,35846
204411,42132
204411,50274
204411,50716
204411,54096
204411,55798
204411,59816
204411,61672
204411,62274
204411,63186
204411,63360
204480,1304
204480,1370
204480,1372
204480,61542
204483,1304
204483,1370
204483,1372
204483,11262
204483,30500
204483,35732
204483,50716
204483,57414
204483,61364
204483,61542
204483,63188
204483,63510
204519,1304
204519,1370
204519,1372
204519,10652
204519,11262
204519,30500
204519,33886
204519,35732
204519,39186
204519,44302
204519,50274
204519,50716
204519,50718
204519,53160
204519,54096
204519,56714
204519,57414
204519,59822
204519,61280
204519,61364
204519,61542
204519,61558
204519,62170
204519,63188
204522,1304
204522,1370
204522,1372
204522,10652
204522,11262
204522,30500
204522,35732
204522,39186
204522,50716
204522,54096
204522,61364
204522,61542
204522,63188
204522,63510
204654,1370
204654,30500
204657,1304
204657,1370
204657,1372
204657,10652
204657,11262
204657,16358
204657,30500
204657,33886
204657,35732
204657,35846
204657,39186
204657,42132
204657,44302
204657,49888
204657,50270
204657,50716
204657,52918
204657,53160
204657,53394
204657,54096
204657,56714
204657,57414
204657,57804
204657,59396
204657,59822
204657,61280
204657,61364
204657,61542
204657,62074
204657,62274
204657,62376
204657,62400
204657,62944
204657,63186
204657,63188
204657,63218
204657,63360
204657,63510
204717,124
204717,1370
204717,10652
204717,11262
204717,16358
204717,33534
204717,33886
204717,34092
204717,39186
204717,49888
204717,50274
204717,50716
204717,56714
204717,59396
204717,62274
204717,63510
204759,1370
204759,11262
204762,1304
204762,1370
204762,11262
204762,16358
204762,30500
204762,33534
204762,33886
204762,35732
204762,35846
204762,50716
204762,50718
204762,56714
204762,57414
204762,59396
204762,59822
204762,61542
204762,61560
204762,62074
204762,62944
204762,63188
204762,63510
204768,1304
204768,1370
204768,61542
204771,11262
204771,16358
204771,33534
204771,33886
204771,35846
204771,42132
204771,50716
204771,61552
204771,63186
204771,63510
204774,1304
204774,11262
204780,1304
204780,1370
204780,1372
204780,10652
204780,11262
204780,16358
204780,30500
204780,33886
204780,35732
204780,39186
204780,44302
204780,50716
204780,50718
204780,56714
204780,57414
204780,59396
204780,59816
204780,61364
204780,61542
204780,61558
204780,61560
204780,62274
204780,63188
204795,1304
204795,1372
204795,11262
204795,30500
204795,44302
204795,50716
204795,56714
204795,57414
204795,59396
204795,59822
204795,61364
204795,61542
204795,62170
204795,62944
204795,63188
204795,63510
204924,30500
204924,56714
205107,1304
205107,1370
205107,11262
205107,16358
205107,33886
205107,53160
205107,56714
205107,59822
205107,61542
205107,63360
205122,1304
205122,11262
205122,30500
205122,35732
205122,48574
205122,50716
205122,56714
205122,57414
205122,59822
205122,61542
205122,63510
205188,1304
205188,1370
205188,11262
205188,30500
205188,50718
205191,1304
205191,1370
205191,1372
205191,10652
205191,10808
205191,11262
205191,11490
205191,30500
205191,35732
205191,39186
205191,50274
205191,50716
205191,56714
205191,57414
205191,59396
205191,59822
205191,61028
205191,61280
205191,61364
205191,61542
205191,61560
205191,62074
205191,62400
205191,62944
205191,63188
205191,63418
205191,63510
205332,1304
205332,1370
205332,1372
205332,11262
205332,35732
205332,50716
205332,54096
205332,57414
205332,61364
205332,61542
205332,63188
205353,1304
205353,1370
205353,1372
205353,10652
205353,11262
205353,30500
205353,33886
205353,35732
205353,39186
205353,50716
205353,62074
205353,63188
205659,1304
205659,1370
205659,1372
205659,10652
205659,11262
205659,16358
205659,30500
205659,33886
205659,34092
205659,35732
205659,35846
205659,39186
205659,50718
205659,50720
205659,53160
205659,56696
205659,56714
205659,57414
205659,61280
205659,61542
205659,62074
205659,62170
205659,62274
205659,63188
205659,63360
205659,63418
205659,63510
205662,1304
205662,1370
205662,1372
205662,10652
205662,11262
205662,30500
205662,33886
205662,35732
205662,39186
205662,44302
205662,50270
205662,50716
205662,56696
205662,56714
205662,57414
205662,59396
205662,61542
205662,61560
205662,62944
205662,63188
205662,63510
205662,63538
205665,1304
205665,11262
205665,33886
205665,57414
205665,61542
205665,63510
205722,1304
205722,1370
205722,11262
205722,57414
205722,61542
205728,1370
205728,10652
205728,11262
205728,33886
205728,50716
205728,59822
205731,1304
205731,62074
205740,1304
205740,1370
205740,11262
205740,30500
205740,56714
205740,57414
205740,61542
205740,62376
205740,63188
205812,1304
205812,1370
205812,1372
205812,10652
205812,11262
205812,30500
205812,57414
205812,61364
205812,61542
205812,63188
205815,1304
205815,1370
205815,1372
205815,11262
205815,16358
205815,30500
205815,61542
205815,62074
205815,63188
205821,1304
205821,1370
205821,1372
205821,10652
205821,11262
205821,30500
205821,33886
205821,34092
205821,35732
205821,39186
205821,44302
205821,50270
205821,50716
205821,53160
205821,54096
205821,56714
205821,57414
205821,61542
205821,62074
205821,62170
205821,62400
205821,63188
205905,1304
205905,1370
205905,10652
205905,11262
205905,33886
205905,50718
205905,56696
205905,57414
205905,61542
205905,62944
205905,63510
205947,1370
205947,11262
205947,35732
205947,49888
205947,61560
205947,62376
205959,124
205959,1304
205959,1370
205959,1372
205959,10652
205959,11262
205959,16358
205959,30500
205959,35732
205959,35846
205959,39186
205959,50716
205959,50720
205959,56714
205959,57414
205959,61364
205959,61542
205959,62074
205959,62170
205959,63188
205959,63510
205995,1304
205995,1370
205995,1372
205995,10652
205995,11262
205995,30500
205995,33886
205995,34092
205995,35846
205995,61542
205995,61552
205995,63188
205995,63510
206076,1304
206076,1370
206076,1372
206076,10652
206076,11262
206076,30500
206076,35732
206076,39186
206076,44302
206076,50270
206076,50716
206076,56714
206076,57414
206076,59396
206076,61542
206076,63510
206304,1304
206304,1370
206304,1372
206304,10652
206304,48574
206304,50716
206304,57414
206304,61364
206304,61542
206304,62170
206304,63188
206304,63510
206343,124
206343,10652
206343,11262
206343,30500
206343,33534
206343,33886
206343,39186
206343,50270
206343,50272
206343,56714
206343,61028
206346,1304
206346,1370
206346,1372
206346,10652
206346,11262
206346,30500
206346,32496
206346,33886
206346,34092
206346,35732
206346,36720
206346,39186
206346,44302
206346,46632
206346,48980
206346,50270
206346,50272
206346,50274
206346,50716
206346,50718
206346,51974
206346,52918
206346,53160
206346,53406
206346,54290
206346,56696
206346,56714
206346,57414
206346,57804
206346,59396
206346,59776
206346,59822
206346,61028
206346,61280
206346,61348
206346,61364
206346,61540
206346,61542
206346,61558
206346,61560
206346,61672
206346,62170
206346,62274
206346,62376
206346,62378
206346,62400
206346,62618
206346,62944
206346,63136
206346,63188
206346,63218
206346,63220
206346,63360
206346,63510
206346,63538
206349,1304
206349,1370
206349,11262
206349,30500
206349,33886
206349,35732
206349,35846
206349,39186
206349,56714
206349,61542
206355,1304
206355,1370
206355,11262
206355,59822
206355,61542
206355,61560
206358,1304
206358,1370
206358,1372
206358,10652
206358,11262
206358,33886
206358,35846
206358,44302
206358,50270
206358,50716
206358,54096
206358,56714
206358,57414
206358,59822
206358,61542
206358,62074
206358,62944
206358,63186
206358,63188
206361,1304
206361,1370
206361,11262
206361,30500
206361,33534
206361,33886
206361,39186
206361,50716
206361,56714
206361,57414
206361,59396
206361,61542
206361,62074
206361,62944
206361,63188
206361,63510
206364,60
206364,1304
206364,1370
206364,1372
206364,11262
206364,30500
206364,33886
206364,39186
206364,44302
206364,50270
206364,50272
206364,50274
206364,50716
206364,51316
206364,55632
206364,56696
206364,56714
206364,57414
206364,57804
206364,59394
206364,59396
206364,61280
206364,61364
206364,61542
206364,62274
206364,62944
206364,63136
206364,63188
206364,63360
206364,63510
206364,63538
206367,1304
206367,1370
206367,1372
206367,11262
206367,30500
206367,33886
206367,35732
206367,35846
206367,50716
206367,50718
206367,56696
206367,56714
206367,57414
206367,61542
206367,62074
206367,62376
206367,63188
206367,63510
206376,1304
206376,1370
206376,1372
206376,10652
206376,11262
206376,30500
206376,33886
206376,34092
206376,35732
206376,39186
206376,44302
206376,46632
206376,48980
206376,50270
206376,50274
206376,50716
206376,50718
206376,50720
206376,50968
206376,50970
206376,51974
206376,52918
206376,53046
206376,53160
206376,53406
206376,54096
206376,54290
206376,54864
206376,56484
206376,56696
206376,56714
206376,57414
206376,57522
206376,59396
206376,60522
206376,61028
206376,61280
206376,61348
206376,61364
206376,61542
206376,61558
206376,61672
206376,62074
206376,62376
206376,62400
206376,62616
206376,62618
206376,62944
206376,63136
206376,63188
206376,63218
206376,63360
206376,63510
206406,1304
206406,1370
206406,11262
206406,30500
206406,33886
206406,34092
206406,35732
206406,50716
206406,50718
206406,53160
206406,56714
206406,57414
206406,59822
206406,61028
206406,61540
206406,61542
206406,61560
206406,62074
206406,62376
206406,62378
206406,63218
206406,63220
206406,63418
206406,63510
206412,1304
206412,1370
206412,1372
206412,11262
206412,30500
206412,33534
206412,33886
206412,35732
206412,42132
206412,50718
206412,50720
206412,56696
206412,56714
206412,61364
206412,61542
206412,61552
206412,62074
206412,63186
206415,1304
206415,1370
206415,1372
206415,11262
206415,33886
206415,34092
206415,39186
206415,50716
206415,56696
206415,56714
206415,57414
206415,61364
206415,61542
206415,62074
206415,63188
206415,63418
206418,1304
206418,1370
206418,1372
206418,10808
206418,11262
206418,16358
206418,30500
206418,33534
206418,33886
206418,35846
206418,39186
206418,42132
206418,44302
206418,49888
206418,50716
206418,56714
206418,57414
206418,59396
206418,59816
206418,59822
206418,61028
206418,61364
206418,61542
206418,62074
206418,62376
206418,63186
206418,63188
206418,63510
206421,1304
206421,1370
206421,1372
206421,11262
206421,33886
206427,1304
206427,1370
206427,1372
206427,10652
206427,11262
206427,30500
206427,33886
206427,34092
206427,35846
206427,39186
206427,44302
206427,46632
206427,50272
206427,50716
206427,56696
206427,56714
206427,57414
206427,59816
206427,59822
206427,61364
206427,61542
206427,61552
206427,62074
206427,62376
206427,62400
206427,62944
206427,63188
206427,63218
206427,63220
206427,63418
206433,1304
206433,1370
206433,1372
206433,10652
206433,11262
206433,30500
206433,33886
206433,34092
206433,39186
206433,50716
206433,56696
206433,56714
206433,57414
206433,59822
206433,61542
206433,62074
206433,63188
206433,63218
206433,63360
206433,63418
206433,63510
206439,1304
206439,1370
206439,1372
206439,11262
206439,30500
206439,33886
206439,34092
206439,35732
206439,50716
206439,50718
206439,57414
206439,61364
206439,61542
206439,62074
206439,63188
206439,63510
206442,11262
206442,33886
206442,56714
206448,1304
206448,11262
206448,30500
206448,33886
206448,34092
206448,39186
206448,50716
206448,56714
206448,61542
206451,1304
206451,1370
206451,1372
206451,10652
206451,11262
206451,30500
206451,33886
206451,35732
206451,50716
206451,56714
206451,57414
206451,59396
206451,61542
206451,62074
206451,63188
206451,63510
206457,1370
206460,1304
206460,1372
206460,11262
206460,30500
206460,33886
206460,35732
206460,61364
206460,61542
206460,63188
206475,60
206475,1304
206475,1372
206475,36720
206475,36762
206475,56714
206475,63188
206478,10652
206478,11262
206478,39186
206478,44302
206478,50716
206478,61672
206478,62944
206481,124
206481,1304
206481,1372
206481,11262
206481,30500
206481,33886
206481,34092
206481,36720
206481,39186
206481,42132
206481,44302
206481,50274
206481,50716
206481,51974
206481,54096
206481,57804
206481,59394
206481,59396
206481,62944
206481,63186
206481,63188
206481,63218
206481,63510
206484,1304
206484,1372
206484,10652
206484,11262
206484,16358
206484,30500
206484,33886
206484,35732
206484,39186
206484,42132
206484,49888
206484,50270
206484,50716
206484,50718
206484,54096
206484,56714
206484,57414
206484,59396
206484,61364
206484,61542
206484,62274
206484,62400
206484,63186
206484,63188
206484,63510
206496,1304
206496,1372
206496,11262
206496,33886
206496,34092
206496,35846
206496,54096
206496,56714
206496,59822
206496,61364
206496,63188
206514,1304
206514,1372
206514,11262
206514,30500
206514,33886
206514,44302
206514,50716
206514,56696
206514,56714
206514,57414
206514,59396
206514,59822
206514,61364
206514,61542
206514,61552
206514,62944
206514,63188
206514,63510
206607,1372
206607,11262
206607,11490
206607,50716
206607,50962
206607,54096
206607,61364
206607,63188
206613,1304
206613,11262
206613,30500
206613,50274
206613,61542
206616,1304
206625,1304
206625,1370
206625,11262
206625,30500
206625,33534
206625,35732
206625,50716
206625,56696
206625,57414
206625,59822
206625,61542
206625,62074
206634,1304
206634,1370
206634,57414
206637,1304
206637,1370
206637,1372
206637,10652
206637,11262
206637,30500
206637,33886
206637,34092
206637,35732
206637,44302
206637,48980
206637,50718
206637,54096
206637,56696
206637,56714
206637,57414
206637,59396
206637,61364
206637,61542
206637,62074
206637,62860
206637,63188
206637,63510
206646,1304
206646,1372
206646,10652
206646,11262
206646,30500
206646,50716
206646,56696
206646,56714
206646,57414
206646,61542
206646,62074
206646,63188
206664,1304
206664,1372
206664,11262
206664,33534
206664,33886
206664,35846
206664,50716
206664,56696
206664,56714
206664,57414
206664,59822
206664,61542
206664,61552
206664,62074
206664,62944
206664,63188
206664,63418
206664,63510
206667,1304
206667,1372
206667,11262
206667,30500
206667,33886
206667,34092
206667,35732
206667,35846
206667,39186
206667,42132
206667,44302
206667,49888
206667,50716
206667,50720
206667,52918
206667,54096
206667,56714
206667,57414
206667,59396
206667,59816
206667,59822
206667,61280
206667,61364
206667,61542
206667,61552
206667,61560
206667,62074
206667,63186
206667,63188
206667,63418
206667,63510
206670,1304
206670,1372
206670,11262
206670,30500
206670,35732
206670,35846
206670,50716
206670,57414
206670,59822
206670,61364
206670,61542
206670,61552
206670,63186
206670,63188
206670,63418
206670,63510
206673,1304
206673,1372
206673,11262
206673,30500
206673,33886
206673,44302
206673,48980
206673,50716
206673,57414
206673,59822
206673,61364
206673,61542
206673,62074
206673,62944
206673,63188
206673,63510
206697,1304
206697,10808
206697,33886
206697,36720
206697,39186
206697,50274
206697,56714
206697,59396
206745,1304
206745,1370
206745,1372
206745,11262
206745,30500
206745,33886
206745,35732
206745,50716
206745,50718
206745,56714
206745,57414
206745,61364
206745,61542
206745,61560
206745,63188
206745,63510
206748,124
206748,1304
206748,1372
206748,3382
206748,10652
206748,11262
206748,30500
206748,32496
206748,33886
206748,34092
206748,35732
206748,35846
206748,36720
206748,36722
206748,37644
206748,39186
206748,42132
206748,44302
206748,46632
206748,48980
206748,50270
206748,50272
206748,50274
206748,50716
206748,50720
206748,51974
206748,52918
206748,53160
206748,53406
206748,54096
206748,54290
206748,56714
206748,57414
206748,57804
206748,59394
206748,59396
206748,59816
206748,60522
206748,61028
206748,61280
206748,61348
206748,61364
206748,61542
206748,61552
206748,61560
206748,61672
206748,62074
206748,62944
206748,63136
206748,63186
206748,63188
206748,63218
206748,63220
206748,63360
206748,63418
206748,63510
206760,124
206760,1304
206760,1372
206760,3382
206760,10652
206760,11262
206760,30500
206760,33534
206760,33886
206760,35846
206760,36720
206760,39186
206760,42132
206760,44302
206760,48980
206760,50270
206760,50272
206760,50274
206760,50716
206760,50718
206760,51974
206760,53160
206760,53406
206760,54096
206760,54290
206760,56714
206760,57414
206760,57804
206760,59396
206760,59816
206760,59822
206760,60522
206760,61028
206760,61280
206760,61364
206760,61540
206760,61542
206760,61672
206760,62074
206760,62170
206760,62378
206760,62400
206760,62616
206760,62618
206760,63186
206760,63188
206763,1304
206763,1372
206763,10652
206763,11262
206763,30500
206763,35732
206763,39186
206763,49888
206763,50716
206763,54096
206763,61364
206763,61542
206763,61672
206763,63188
206772,1304
206772,1370
206772,1372
206772,10652
206772,11262
206772,30500
206772,33886
206772,35732
206772,35846
206772,39186
206772,49888
206772,50716
206772,53160
206772,54096
206772,56714
206772,57414
206772,59816
206772,59822
206772,61280
206772,61364
206772,61542
206772,62074
206772,62170
206772,62274
206772,62376
206772,63188
206772,63418
206772,63510
206784,1304
206784,1372
206784,11262
206784,30500
206784,33886
206784,35846
206784,50718
206784,56696
206784,61364
206784,61542
206784,62074
206784,63188
206787,1304
206787,11262
206787,33534
206787,35846
206787,50716
206787,61542
206787,61552
206787,62074
206799,1372
206799,42132
206799,48574
206799,59816
206799,63186
206799,63188
206811,1304
206811,1370
206811,10652
206811,11262
206811,30500
206811,33534
206811,35732
206811,35846
206811,39186
206811,50716
206811,50718
206811,56696
206811,56714
206811,57414
206811,59396
206811,59822
206811,61542
206811,62074
206811,62944
206811,63188
206823,1304
206823,1370
206823,1372
206823,10652
206823,11262
206823,30500
206823,35732
206823,35846
206823,50716
206823,56696
206823,56714
206823,57414
206823,59822
206823,61542
206823,62274
206823,63188
206838,1304
206838,1370
206838,1372
206838,11262
206838,16358
206838,30500
206838,33534
206838,35732
206838,35846
206838,50716
206838,59822
206838,61542
206847,1304
206847,1370
206847,1372
206847,10652
206847,11262
206847,16358
206847,30500
206847,33886
206847,34092
206847,35846
206847,42132
206847,53160
206847,56696
206847,56714
206847,57414
206847,61542
206847,63188
206847,63218
206850,1304
206850,11262
206850,33886
206850,50716
206850,56714
206850,61542
206856,1304
206856,1372
206856,11262
206856,30500
206856,33886
206856,35846
206856,57414
206856,59822
206856,61364
206856,61542
206856,61552
206856,62074
206856,62944
206856,63188
206868,1304
206868,1370
206868,1372
206868,10652
206868,11262
206868,30500
206868,33886
206868,34092
206868,35846
206868,36720
206868,39186
206868,42132
206868,48298
206868,50716
206868,50718
206868,56714
206868,57414
206868,59396
206868,59816
206868,61364
206868,61542
206868,61552
206868,61672
206868,62074
206868,62376
206868,63186
206868,63188
206868,63510
206928,1304
206928,11262
206928,33886
206928,42132
206928,50718
206928,56714
206928,59816
206928,61542
206928,62860
206928,63186
206928,63538
206937,1304
206937,1372
206937,11262
206937,30500
206937,33886
206937,39186
206937,50716
206937,54096
206937,61542
206940,124
206940,1304
206940,1370
206940,1372
206940,10652
206940,11262
206940,30500
206940,33534
206940,33886
206940,34092
206940,35732
206940,35846
206940,36720
206940,39186
206940,42132
206940,44302
206940,50270
206940,50272
206940,50274
206940,50716
206940,50718
206940,50720
206940,53160
206940,53386
206940,54096
206940,56696
206940,56714
206940,57414
206940,57804
206940,59394
206940,59396
206940,59816
206940,61028
206940,61280
206940,61364
206940,61542
206940,61552
206940,61558
206940,61560
206940,62074
206940,62170
206940,62376
206940,62400
206940,62944
206940,63186
206940,63188
206940,63218
206940,63360
206940,63510
206943,124
206943,1304
206943,1372
206943,10652
206943,11262
206943,30500
206943,32496
206943,33886
206943,34092
206943,39186
206943,48574
206943,50716
206943,54096
206943,56714
206943,57414
206943,57804
206943,59394
206943,59822
206943,61028
206943,61280
206943,61364
206943,61542
206943,63188
206952,124
206952,1304
206952,1370
206952,1372
206952,3382
206952,10652
206952,11262
206952,30500
206952,32496
206952,33886
206952,34092
206952,35732
206952,35846
206952,36720
206952,36722
206952,36762
206952,39186
206952,42132
206952,50270
206952,50272
206952,50274
206952,50716
206952,50718
206952,51974
206952,53386
206952,53406
206952,54096
206952,54290
206952,56714
206952,57414
206952,57804
206952,59394
206952,59396
206952,59816
206952,61028
206952,61280
206952,61348
206952,61364
206952,61542
206952,61672
206952,62944
206952,63136
206952,63186
206952,63188
206952,63220
206952,63360
206952,63418
206952,63510
206955,1304
206955,1370
206955,1372
206955,10652
206955,10808
206955,11262
206955,16358
206955,30500
206955,33534
206955,33886
206955,35732
206955,35846
206955,39186
206955,42132
206955,50716
206955,50718
206955,56696
206955,56714
206955,57414
206955,59816
206955,59822
206955,61028
206955,61280
206955,61364
206955,61540
206955,61542
206955,61552
206955,61558
206955,62074
206955,62274
206955,63186
206955,63418
206958,1304
206958,1370
206958,11262
206958,33886
206958,56714
206958,57414
206958,61542
206958,63188
206958,63510
206964,1304
206964,11262
206964,30500
206964,56714
206964,57414
206964,61542
206979,1304
206979,1370
206979,1372
206979,10652
206979,10808
206979,11262
206979,30500
206979,33534
206979,33886
206979,34092
206979,35732
206979,35846
206979,39186
206979,42132
206979,50270
206979,50716
206979,53160
206979,53394
206979,56714
206979,57414
206979,59396
206979,61028
206979,61364
206979,61540
206979,61542
206979,61552
206979,61672
206979,62074
206979,62274
206979,62376
206979,62400
206979,62944
206979,63136
206979,63186
206979,63188
206979,63510
206988,1304
206988,1372
206988,11262
206988,30500
206988,35846
206988,39186
206988,42132
206988,50716
206988,56696
206988,56714
206988,57414
206988,59822
206988,61364
206988,61542
206988,62074
206988,63186
206988,63188
206991,1370
206991,1372
206991,61364
206991,61542
206991,63186
206991,63188
207078,1304
207078,11262
207078,30500
207078,33886
207078,56714
207078,59822
207078,61542
207078,62074
207078,63188
207084,1304
207084,1372
207084,11262
207084,48574
207084,49888
207084,56696
207084,61364
207084,61542
207084,62074
207084,63188
207087,60
207087,33886
207087,39186
207087,50272
207087,50274
207087,51316
207087,56714
207087,59394
207087,61280
207087,62274
207087,62944
207096,1304
207096,11262
207096,30500
207096,33886
207096,35732
207096,39186
207096,50716
207096,56714
207096,57414
207096,61542
207096,62074
207099,11262
207102,1304
207102,1370
207102,10652
207102,10808
207102,11262
207102,30500
207102,33886
207102,35732
207102,35846
207102,39186
207102,50274
207102,50716
207102,50718
207102,56714
207102,57414
207102,59396
207102,59822
207102,61028
207102,61280
207102,61542
207102,61552
207102,62074
207102,62944
207102,63188
207102,63510
207105,1304
207105,1370
207105,11262
207105,33886
207105,56714
207105,57414
207105,61542
207114,1304
207114,1370
207114,11262
207114,30500
207114,33886
207114,35846
207114,39186
207114,61542
207114,61552
207123,11262
207123,33886
207123,61542
207129,1304
207129,1372
207129,11262
207129,30500
207129,33886
207129,39186
207129,42132
207129,50716
207129,56696
207129,56714
207129,57414
207129,59816
207129,59822
207129,61364
207129,61542
207129,62074
207129,62170
207129,62944
207129,63186
207129,63188
207129,63510
207144,1304
207144,1370
207144,11262
207144,33886
207144,56714
207144,57414
207144,61542
207147,1304
207147,11262
207147,50718
207147,56714
207150,1304
207150,1370
207150,1372
207150,11262
207150,30500
207150,33886
207150,56714
207150,57414
207150,59822
207150,61542
207150,62074
207150,63418
207156,1304
207156,1370
207156,11262
207156,33534
207156,33886
207156,56714
207156,57414
207156,61542
207156,62074
207216,1304
207216,1370
207216,1372
207216,10652
207216,11262
207216,30500
207216,33886
207216,34092
207216,35732
207216,49888
207216,50716
207216,54096
207216,56714
207216,57414
207216,59822
207216,61028
207216,61364
207216,61542
207216,62074
207216,62376
207216,62944
207216,63188
207216,63510
207219,1304
207219,1370
207219,1372
207219,10652
207219,11262
207219,30500
207219,34092
207219,35732
207219,44302
207219,50716
207219,56714
207219,57414
207219,61542
207219,61560
207219,62074
207219,62274
207219,62944
207219,63218
207219,63510
207222,1304
207222,1370
207222,1372
207222,10652
207222,11262
207222,30500
207222,33886
207222,35732
207222,39186
207222,44302
207222,48980
207222,50270
207222,50274
207222,50716
207222,50718
207222,53160
207222,54096
207222,56714
207222,57414
207222,57804
207222,59396
207222,59822
207222,61028
207222,61280
207222,61364
207222,61542
207222,61560
207222,61672
207222,62074
207222,62400
207222,62944
207222,63188
207222,63360
207240,1304
207240,1370
207240,11262
207240,16358
207240,62074
207243,1304
207243,1370
207243,1372
207243,10808
207243,11262
207243,30500
207243,33886
207243,34092
207243,39186
207243,49888
207243,50716
207243,56714
207243,57414
207243,61280
207243,62074
207243,62170
207243,62274
207243,62944
207243,63188
207243,63220
207243,63510
207264,10808
207264,36720
207264,39186
207264,57804
207264,61028
207267,1304
207267,1372
207267,35846
207267,57414
207267,59396
207267,61552
207267,63188
207330,1304
207330,1370
207330,1372
207330,10652
207330,11262
207330,16358
207330,33534
207330,33886
207330,35846
207330,39186
207330,42132
207330,50716
207330,56696
207330,56714
207330,57414
207330,61364
207330,61542
207330,61552
207330,63186
207330,63188
207330,63418
207339,124
207339,1304
207339,1372
207339,10652
207339,11262
207339,30500
207339,32496
207339,34092
207339,35732
207339,36720
207339,36762
207339,39186
207339,42132
207339,44302
207339,46632
207339,50270
207339,50274
207339,50716
207339,51974
207339,53160
207339,54096
207339,56714
207339,57414
207339,57804
207339,59396
207339,59816
207339,61028
207339,61364
207339,61542
207339,61672
207339,62944
207339,63136
207339,63186
207339,63188
207339,63510
207345,1304
207345,1370
207345,1372
207345,3382
207345,10652
207345,11262
207345,30500
207345,33886
207345,39186
207345,46632
207345,50270
207345,54096
207345,56714
207345,61028
207366,1304
207366,1370
207366,11262
207366,30500
207366,33534
207366,56714
207366,57414
207366,61542
207366,62074
207366,62376
207387,1304
207387,1370
207387,1372
207387,10652
207387,11262
207387,16358
207387,33886
207387,35732
207387,50718
207387,56714
207387,57414
207387,61542
207387,61560
207387,63188
207390,1304
207390,1370
207390,1372
207390,11262
207390,30500
207390,33886
207390,35732
207390,35846
207390,39186
207390,50270
207390,50274
207390,50716
207390,59396
207390,59822
207390,61364
207390,61542
207396,1370
207399,1370
207465,33886
207465,50270
207465,50274
207465,56714
207465,59396
207498,1304
207498,1372
207498,10652
207498,11262
207498,30500
207498,34092
207498,35732
207498,59822
207498,61542
207498,61672
207498,63188
207498,63510
207582,30500
207588,1304
207588,1370
207588,61542
207597,1370
207597,1372
207597,11262
207597,33886
207597,56714
207597,57414
207597,62170
207600,1304
207600,1370
207600,1372
207600,10652
207600,11262
207600,16358
207600,33886
207600,35846
207600,42132
207600,49888
207600,50716
207600,56696
207600,56714
207600,57414
207600,61364
207600,61542
207600,61552
207600,62074
207600,63186
207600,63188
207600,63510
207618,1304
207618,1370
207618,1372
207618,10652
207618,11262
207618,30500
207618,33886
207618,35732
207618,39186
207618,50716
207618,50718
207618,56714
207618,57414
207618,59396
207618,61280
207618,61364
207618,61542
207618,61560
207618,63188
207618,63218
207618,63220
207618,63510
207822,1304
207822,1370
207822,10652
207822,30500
207822,50716
207822,56714
207822,63510
207828,124
207828,1304
207828,1370
207828,1372
207828,10652
207828,11262
207828,30500
207828,33534
207828,33886
207828,35732
207828,39186
207828,50716
207828,50718
207828,51974
207828,54096
207828,56484
207828,56696
207828,56714
207828,57414
207828,59822
207828,61028
207828,61542
207828,61558
207828,61672
207828,62074
207828,62170
207828,62376
207828,63188
207828,63360
207828,63418
207927,1370
207927,1372
207927,11262
207927,30500
207927,50716
207927,57414
207927,61364
207927,63188
207927,63510
207993,1304
207993,1370
207993,1372
207993,11262
207993,57414
207993,61364
207993,61542
207993,63188
207996,1304
207996,1370
207996,11262
207996,16358
207996,30500
207996,33534
207996,35732
207996,50716
207996,56714
207996,57414
207996,59822
207996,61542
207996,62074
207996,63188
207996,63510
207999,1304
207999,1370
207999,1372
207999,10652
207999,11262
207999,16358
207999,30500
207999,35732
207999,39186
207999,44302
207999,49888
207999,50716
207999,50718
207999,56696
207999,56714
207999,57414
207999,59822
207999,61542
207999,61672
207999,63188
207999,63418
207999,63510
208053,1304
208053,1370
208053,11262
208068,1370
208068,10652
208068,11262
208068,30500
208068,56714
208068,61542
208080,1304
208080,1370
208080,11262
208080,61364
208080,61542
208080,63188
208092,30500
208092,39186
208092,50270
208092,54096
208092,59394
208092,61028
208092,61348
208092,63510
208116,1304
208116,1370
208116,11262
208116,33886
208116,57414
208116,62074
208206,1304
208206,1370
208206,11262
208209,1370
208209,1372
208209,11262
208209,50716
208209,56714
208209,57414
208341,1304
208341,1370
208341,1372
208341,10652
208341,11262
208341,30500
208341,32496
208341,33886
208341,35732
208341,39186
208341,44302
208341,49888
208341,50274
208341,50716
208341,50720
208341,52918
208341,53046
208341,55632
208341,55798
208341,56696
208341,56714
208341,57414
208341,61028
208341,61280
208341,62376
208341,62400
208341,62944
208341,63188
208341,63360
208341,63418
208341,63510
208347,1304
208347,1370
208347,1372
208347,10652
208347,11262
208347,16358
208347,30500
208347,33534
208347,35732
208347,39186
208347,50968
208347,56714
208347,57414
208347,61542
208347,62074
208347,62618
208347,63188
208347,63418
208350,124
208350,1304
208350,1370
208350,11262
208350,33886
208350,35846
208350,50716
208350,56696
208350,57414
208350,61542
208350,61552
208449,1304
208449,1370
208449,11262
208449,61364
208449,61542
208449,62074
208449,63188
208473,1304
208473,1370
208473,1372
208473,10652
208473,11262
208473,33886
208473,34092
208473,35732
208473,49888
208473,50716
208473,61542
208473,63188
208476,1304
208476,1370
208476,1372
208476,11262
208476,30500
208476,35732
208476,39186
208476,44302
208476,49888
208476,50716
208476,50718
208476,56714
208476,57414
208476,59822
208476,61280
208476,61364
208476,61542
208476,62074
208476,62274
208476,62376
208476,62860
208476,63188
208476,63510
208479,1304
208479,11262
208479,59822
208479,61542
208479,63510
208482,1304
208482,11262
208482,30500
208482,33886
208482,35732
208482,35846
208482,56714
208482,57414
208482,61542
208482,61552
208482,63510
208485,1304
208485,1370
208485,1372
208485,11262
208485,30500
208485,33886
208485,35732
208485,39186
208485,50716
208485,50720
208485,53160
208485,56714
208485,57414
208485,61542
208485,63510
208485,63538
208488,1304
208488,1370
208488,1372
208488,10652
208488,11262
208488,30500
208488,33886
208488,34092
208488,35732
208488,35846
208488,39186
208488,44302
208488,50274
208488,50716
208488,50718
208488,56696
208488,56714
208488,57414
208488,59396
208488,59822
208488,61028
208488,61364
208488,61542
208488,61552
208488,61672
208488,62274
208488,62944
208488,63188
208488,63510
208491,1304
208491,1370
208491,1372
208491,11262
208491,30500
208491,33886
208491,35732
208491,35846
208491,39186
208491,50716
208491,50718
208491,56714
208491,57414
208491,59822
208491,61028
208491,61364
208491,61542
208491,62074
208491,63188
208491,63538
208500,1304
208500,1372
208500,11262
208500,33886
208500,35732
208500,35846
208500,50716
208500,56714
208500,57414
208500,61542
208500,62074
208500,63188
208500,63510
208503,1304
208503,11262
208503,30500
208503,33886
208503,35732
208503,50716
208503,50718
208503,59396
208503,63510
208506,1304
208506,10652
208506,11262
208506,30500
208506,33886
208506,50716
208506,57414
208506,61542
208506,63510
208509,1304
208509,1370
208509,1372
208509,61542
208515,1304
208515,1370
208515,10652
208515,11262
208515,33886
208515,34092
208515,39186
208515,49888
208515,50716
208515,50718
208515,54096
208515,59816
208515,61542
208515,62074
208515,62944
208515,63510
208518,1304
208518,1370
208518,3382
208518,10652
208518,11262
208518,30500
208518,33886
208518,35732
208518,35846
208518,50716
208518,50718
208518,52918
208518,56696
208518,57414
208518,61280
208518,61558
208518,62074
208518,62378
208518,63510
208518,63538
208521,1304
208521,1370
208521,11262
208521,30500
208521,39186
208521,48574
208521,56714
208521,57414
208521,59396
208521,59822
208521,61542
208521,61558
208521,61560
208521,63188
208521,63360
208521,63510
208524,1304
208524,1370
208524,1372
208524,10652
208524,11262
208524,30500
208524,33886
208524,35732
208524,36720
208524,39186
208524,44302
208524,50270
208524,50274
208524,50716
208524,50718
208524,50720
208524,53160
208524,54096
208524,56714
208524,57414
208524,57804
208524,59396
208524,61028
208524,61280
208524,61364
208524,61542
208524,61558
208524,61672
208524,62074
208524,62274
208524,62944
208524,63136
208524,63188
208524,63360
208524,63510
208533,1304
208533,1370
208533,30500
208533,33886
208533,56714
208533,57414
208533,63188
208536,1304
208536,11262
208536,30500
208536,39186
208536,50718
208536,56714
208536,57414
208536,61542
208539,1304
208539,1370
208539,1372
208539,11262
208539,30500
208539,35846
208539,39186
208539,56714
208539,57414
208539,59822
208539,61542
208545,1304
208545,1372
208545,3382
208545,11262
208545,30500
208545,35732
208545,50716
208545,50718
208545,56714
208545,59822
208545,61542
208554,1304
208554,1370
208554,11262
208554,30500
208554,33886
208554,50716
208554,56714
208554,57414
208554,59822
208554,61542
208554,62074
208554,63510
208560,1372
208566,1304
208566,10652
208566,11262
208566,35732
208566,50716
208566,57414
208566,61542
208566,63510
208572,1304
208572,1370
208572,1372
208572,10652
208572,11262
208572,30500
208572,35732
208572,39186
208572,44302
208572,46632
208572,48980
208572,50270
208572,50272
208572,50274
208572,50716
208572,54096
208572,56714
208572,57414
208572,59394
208572,59396
208572,59822
208572,61364
208572,61542
208572,63188
208572,63510
208575,1304
208575,1370
208575,1372
208575,11262
208575,30500
208575,33886
208575,34092
208575,35732
208575,35846
208575,50716
208575,54096
208575,56714
208575,57414
208575,59396
208575,59822
208575,61542
208575,61552
208575,62944
208584,1304
208584,11262
208584,35846
208584,61542
208590,1304
208590,1370
208590,11262
208590,50716
208590,50718
208590,57414
208590,63188
208599,1304
208599,1370
208599,1372
208599,10652
208599,11262
208599,30500
208599,35732
208599,35846
208599,44302
208599,50716
208599,56714
208599,57414
208599,61364
208599,61542
208599,61552
208599,62944
208599,63136
208599,63188
208599,63360
208599,63510
208599,63540
208617,1304
208617,1372
208617,11262
208617,30500
208617,35732
208617,56714
208626,1304
208626,11262
208626,33886
208626,35732
208626,50716
208626,59822
208626,61542
208692,1304
208692,1370
208692,1372
208692,10652
208692,11262
208692,30500
208692,33886
208692,35732
208692,44302
208692,50716
208692,56714
208692,59396
208692,61364
208692,61542
208692,62944
208692,63188
208722,1304
208722,1370
208722,10652
208722,11262
208722,30500
208722,33886
208722,35732
208722,39186
208722,44302
208722,50270
208722,50274
208722,50716
208722,50718
208722,54096
208722,56714
208722,57414
208722,59396
208722,61542
208722,62944
208722,63188
208722,63218
208722,63360
208722,63510
208740,1304
208740,1370
208740,10652
208740,11262
208740,30500
208740,33886
208740,50716
208740,50718
208740,56714
208740,57414
208740,61542
208740,63510
208758,1304
208758,1370
208758,1372
208758,10652
208758,11262
208758,16358
208758,30500
208758,33886
208758,35732
208758,35846
208758,39186
208758,44302
208758,46632
208758,50270
208758,50272
208758,50274
208758,50716
208758,56714
208758,57414
208758,57804
208758,59396
208758,61028
208758,61280
208758,61348
208758,62274
208758,62618
208758,62944
208758,63188
208758,63360
208758,63418
208758,63510
208761,124
208761,1304
208761,10652
208761,11262
208761,30500
208761,33886
208761,34092
208761,35732
208761,39186
208761,50716
208761,50718
208761,54096
208761,57414
208761,59822
208761,61542
208761,63510
208788,124
208788,1304
208788,1370
208788,1372
208788,3382
208788,10652
208788,11262
208788,30500
208788,33886
208788,34092
208788,35732
208788,39186
208788,44302
208788,49888
208788,50268
208788,50270
208788,50272
208788,50274
208788,50716
208788,50718
208788,51974
208788,53160
208788,53406
208788,54096
208788,54290
208788,56484
208788,56696
208788,56714
208788,57414
208788,57804
208788,59394
208788,59396
208788,59822
208788,61028
208788,61348
208788,61364
208788,61542
208788,61558
208788,61560
208788,61672
208788,62074
208788,62170
208788,62376
208788,62944
208788,63136
208788,63188
208788,63360
208788,63418
208788,63510
208788,63538
208794,1304
208794,1370
208794,11262
208794,16358
208794,35846
208794,61542
208794,61552
208797,1304
208797,1370
208797,56714
208797,61542
208806,124
208806,1304
208806,1372
208806,10652
208806,11262
208806,30500
208806,33886
208806,34092
208806,35846
208806,39186
208806,44302
208806,50274
208806,50716
208806,56714
208806,57414
208806,57804
208806,59822
208806,61542
208806,61552
208806,62944
208806,63188
208812,1304
208812,1370
208812,10652
208812,11262
208812,30500
208812,33886
208812,50716
208812,56714
208812,59822
208812,61542
208812,62170
208812,62376
208812,63510
208821,1304
208821,1370
208821,11262
208821,33886
208821,35732
208821,49888
208821,50716
208821,57414
208821,61542
208821,63510
208872,1304
208872,1370
208872,1372
208872,10652
208872,11262
208872,30500
208872,33886
208872,34092
208872,35732
208872,35846
208872,39186
208872,44302
208872,50716
208872,56714
208872,57414
208872,59396
208872,61364
208872,61542
208872,61552
208872,62074
208872,62944
208872,63188
208872,63510
208881,3382
208881,30500
208881,33886
208881,50716
208881,56714
208881,63510
208893,1304
208893,1370
208893,11262
208893,30500
208893,33886
208893,39186
208893,50274
208893,50716
208893,56714
208893,57414
208893,61542
208893,62274
208893,62944
208893,63510
208899,1304
208899,1370
208899,11262
208899,30500
208899,33886
208899,35732
208899,49888
208899,54096
208899,56714
208899,57414
208899,59396
208899,59822
208899,61542
208899,62074
208899,62376
208899,63510
208911,1304
209073,1304
209073,1370
209073,10652
209073,11262
209073,30500
209073,33886
209073,35732
209073,39186
209073,48574
209073,50716
209073,56714
209073,59822
209073,61028
209073,61542
209073,62274
209073,63188
209073,63510
209094,1372
209094,10808
209094,30500
209094,61364
209094,62170
209094,63188
209154,1304
209154,1370
209154,11262
209154,30500
209154,56714
209154,62074
209184,1304
209184,1370
209184,10652
209184,11262
209184,33886
209184,50716
209184,61542
209184,62376
209520,61028
209622,124
209622,1304
209622,1370
209622,1372
209622,10652
209622,11262
209622,16358
209622,30500
209622,33534
209622,35732
209622,35846
209622,39186
209622,42132
209622,44302
209622,50274
209622,50716
209622,50718
209622,54096
209622,56714
209622,57414
209622,59396
209622,59816
209622,59822
209622,61028
209622,61364
209622,61542
209622,61552
209622,62274
209622,62944
209622,63186
209622,63188
209622,63510
209625,1372
209625,10808
209625,11262
209625,61364
209637,1304
209637,1370
209637,11262
209637,56714
209637,61542
209697,1304
209697,1370
209697,10652
209697,11262
209697,16358
209697,30500
209697,35732
209697,35846
209697,50718
209697,56714
209697,59822
209697,61542
209793,60
209793,1304
209793,1372
209793,11262
209793,33886
209793,35846
209793,42132
209793,50716
209793,56696
209793,56714
209793,59816
209793,61364
209793,61542
209793,63188
209793,63510
209796,1370
209796,1372
209796,10652
209796,10808
209796,11262
209796,30500
209796,34092
209796,39186
209796,44302
209796,48298
209796,49888
209796,50716
209796,50718
209796,53160
209796,54096
209796,56714
209796,57414
209796,57804
209796,59394
209796,59396
209796,61542
209796,62944
209796,63188
209796,63510
209799,1370
209799,1372
209799,10652
209799,10808
209799,11262
209799,30500
209799,33886
209799,36720
209799,39186
209799,44302
209799,49888
209799,50270
209799,50272
209799,50274
209799,50716
209799,54096
209799,56714
209799,57414
209799,57804
209799,59394
209799,59396
209799,61028
209799,61364
209799,62170
209799,63186
209799,63188
209799,63510
209829,1304
209829,1370
209829,11262
209829,61542
209829,62074
209880,1304
209880,1370
209880,1372
209880,10652
209880,11262
209880,30500
209880,33886
209880,53160
209880,57414
209880,59822
209880,61364
209880,61542
209880,62074
209880,62170
209880,62376
209880,63188
209880,63510
209970,124
209970,30500
209970,56714
209976,1304
209976,1370
209976,1372
209976,10652
209976,11262
209976,30500
209976,35732
209976,44302
209976,49888
209976,50716
209976,56696
209976,56714
209976,57414
209976,59822
209976,61542
209976,61672
209976,62074
209976,62376
209976,63510
209994,1304
209994,1370
209994,1372
209994,10652
209994,11262
209994,30500
209994,35732
209994,35846
209994,48574
209994,50716
209994,50720
209994,56714
209994,57414
209994,59822
209994,61364
209994,61542
209994,61552
209994,63188
209994,63418
209994,63510
210000,1370
210000,1372
210000,11262
210000,61542
210000,62944
210000,63188
210045,1304
210045,1370
210045,10652
210045,11262
210051,1304
210051,1370
210051,11262
210051,33886
210051,35732
210051,50716
210051,56714
210051,57414
210051,57804
210051,61542
210051,63510
210111,1372
210111,61364
210114,1304
210114,1370
210114,1372
210114,10652
210114,11262
210114,30500
210114,33886
210114,34092
210114,44302
210114,48574
210114,49888
210114,50270
210114,50272
210114,50716
210114,50718
210114,56714
210114,57414
210114,59394
210114,59396
210114,59822
210114,61364
210114,61542
210114,62074
210114,62944
210114,63188
210114,63510
210120,1304
210120,1370
210120,1372
210120,10652
210120,11262
210120,33886
210120,53394
210120,56714
210120,57414
210120,61542
210120,63188
210129,1304
210129,1370
210129,1372
210129,63188
210141,1304
210141,1370
210141,1372
210141,10652
210141,11262
210141,30500
210141,33886
210141,34092
210141,35732
210141,39186
210141,50716
210141,50718
210141,56714
210141,57414
210141,59822
210141,61364
210141,61542
210141,61560
210141,61672
210141,62074
210141,62274
210141,63188
210141,63360
210141,63510
210168,124
210168,1304
210168,1370
210168,1372
210168,10652
210168,10808
210168,11262
210168,11490
210168,16358
210168,30500
210168,33886
210168,35732
210168,39186
210168,49888
210168,50716
210168,54096
210168,56696
210168,56714
210168,57414
210168,61028
210168,61280
210168,61364
210168,61542
210168,63186
210168,63188
210168,63418
210168,63510
210171,1304
210171,1370
210171,1372
210171,3382
210171,10652
210171,11262
210171,30500
210171,33886
210171,34092
210171,35732
210171,39186
210171,50270
210171,50716
210171,53160
210171,53394
210171,56714
210171,57414
210171,59394
210171,59396
210171,61542
210171,63360
210171,63510
210186,1304
210186,1372
210186,11262
210186,30500
210186,33886
210186,39186
210186,42132
210186,44302
210186,50272
210186,50716
210186,56714
210186,57414
210186,57804
210186,59394
210186,59396
210186,61028
210186,61364
210186,61542
210186,62074
210186,62400
210186,62944
210186,63186
210186,63188
210186,63218
210186,63510
210234,124
210234,1304
210234,1370
210234,1372
210234,10652
210234,11262
210234,30500
210234,33886
210234,35732
210234,39186
210234,44302
210234,49888
210234,50270
210234,50272
210234,50274
210234,50716
210234,50720
210234,52918
210234,53160
210234,53394
210234,54096
210234,56714
210234,57414
210234,59394
210234,59396
210234,61028
210234,61364
210234,61542
210234,61558
210234,61560
210234,61672
210234,62074
210234,62274
210234,62944
210234,63188
210234,63220
210234,63360
210234,63510
210342,1304
210342,1370
210342,1372
210342,10652
210342,11262
210342,30500
210342,33534
210342,35732
210342,48574
210342,56714
210342,57414
210342,61364
210342,61542
210342,62074
210342,62944
210342,63188
210393,124
210393,1304
210393,1370
210393,10652
210393,11262
210393,30500
210393,33886
210393,35732
210393,39186
210393,44302
210393,50270
210393,50716
210393,50718
210393,53160
210393,54096
210393,56714
210393,57414
210393,59396
210393,61542
210393,62074
210393,62618
210393,62944
210393,63360
210393,63510
210408,1304
210408,1370
210408,11262
210408,30500
210408,56714
210408,57414
210408,63188
210441,1304
210441,1370
210441,1372
210441,11262
210441,61542
210441,63188
210585,1304
210585,10808
210585,11262
210585,33886
210585,61542
210615,124
210615,1304
210615,1370
210615,1372
210615,3382
210615,10652
210615,11262
210615,16358
210615,30500
210615,32496
210615,33886
210615,34092
210615,35732
210615,35846
210615,36720
210615,36722
210615,36762
210615,39186
210615,42132
210615,44302
210615,48298
210615,50270
210615,50272
210615,50274
210615,50716
210615,51974
210615,53160
210615,54096
210615,54290
210615,57804
210615,59396
210615,61028
210615,61280
210615,61348
210615,61542
210615,62618
210615,62944
210615,63186
210615,63188
210615,63510
210627,1304
210627,1370
210627,1372
210627,10652
210627,11262
210627,30500
210627,35732
210627,39186
210627,44302
210627,50716
210627,50718
210627,56714
210627,57414
210627,61542
210627,62074
210627,63188
210633,1304
210633,1370
210633,11262
210633,50716
210633,50718
210633,53160
210633,59822
210633,61542
210633,63510
210678,124
210678,1304
210678,1370
210678,10652
210678,11262
210678,16358
210678,30500
210678,33534
210678,33886
210678,35732
210678,39186
210678,50716
210678,50720
210678,50968
210678,52918
210678,54096
210678,56696
210678,57414
210678,61364
210678,61542
210678,61558
210678,61560
210678,62074
210678,62274
210678,62376
210678,63188
210678,63538
210690,1304
210690,1370
210690,1372
210690,11262
210690,30500
210690,33886
210690,50716
210690,56714
210690,57414
210690,59396
210690,59822
210690,61542
210690,62074
210690,63510
210795,1304
210795,1370
210795,1372
210795,35732
210795,63188
210810,1304
210810,1370
210810,61542
210810,63188
210813,1304
210813,1370
210813,1372
210813,11262
210813,30500
210813,39186
210813,54096
210813,56714
210813,57414
210813,63188
210816,1304
210816,1372
210816,11262
210816,35732
210816,39186
210816,57414
210816,61542
210816,63188
210816,63510
210825,1370
210825,10652
210834,1370
210834,10652
210834,11262
210834,33886
210834,50274
210834,50716
210834,56714
210834,57414
210834,62074
210834,63510
210840,1304
210840,11262
210840,57414
210840,59822
210840,61364
210840,61542
210840,62074
210843,1304
210843,1370
210843,11262
210843,30500
210843,33534
210843,50716
210843,50718
210843,56714
210843,61542
210843,62274
210843,62944
210843,63188
210843,63220
210846,1304
210846,1370
210846,10652
210846,11262
210846,30500
210846,34092
210846,44302
210846,50716
210846,56714
210846,57414
210846,59822
210846,61542
210846,63418
210846,63510
210876,124
210876,1304
210876,1370
210876,1372
210876,10652
210876,11262
210876,16358
210876,30500
210876,33886
210876,35732
210876,35846
210876,39186
210876,50716
210876,56696
210876,56714
210876,57414
210876,59822
210876,61364
210876,61542
210876,61672
210876,62074
210876,62376
210876,63188
210876,63510
210882,1304
210882,1370
210882,1372
210882,10652
210882,11262
210882,30500
210882,33886
210882,39186
210882,42132
210882,50716
210882,50718
210882,56714
210882,57414
210882,59816
210882,61542
210882,61672
210882,63538
210897,1304
210897,1370
210897,11262
210897,33886
210897,57414
210933,60
210933,51316
210954,1304
210954,1370
210954,1372
210954,10652
210954,11262
210954,30500
210954,35732
210954,39186
210954,44302
210954,50270
210954,50274
210954,50716
210954,56714
210954,57414
210954,59396
210954,61364
210954,61542
210954,61558
210954,61560
210954,63188
210978,1304
210978,1370
210978,1372
210978,10652
210978,10808
210978,11262
210978,30500
210978,35732
210978,35846
210978,36720
210978,39186
210978,44302
210978,50274
210978,50716
210978,50718
210978,54096
210978,56696
210978,56714
210978,57414
210978,57804
210978,59396
210978,61364
210978,61542
210978,62400
210978,62944
210978,63136
210978,63188
210978,63360
210978,63510
210981,124
210981,1304
210981,1370
210981,1372
210981,10652
210981,11262
210981,30500
210981,34092
210981,35732
210981,35846
210981,50274
210981,50716
210981,53160
210981,54096
210981,56714
210981,57414
210981,59396
210981,59822
210981,61542
210981,61552
210981,61672
210981,62074
210981,62170
210981,62376
210981,62944
210981,63188
210981,63510
211047,1304
211047,1370
211047,1372
211047,10652
211047,11262
211047,30500
211047,35732
211047,39186
211047,50716
211047,56714
211047,57414
211047,61542
211047,62074
211047,63188
211047,63510
211125,10652
211125,11262
211125,30500
211125,33886
211125,35732
211125,39186
211125,50270
211125,50274
211125,50716
211125,50718
211125,53386
211125,57804
211125,59396
211125,61280
211125,62944
211125,63510
211140,60
211140,10808
211140,36720
211140,44302
211140,49888
211140,50274
211140,51316
211140,53160
211140,56714
211140,57804
211236,1304
211236,1370
211236,1372
211236,11262
211236,33886
211236,34092
211236,35732
211236,61364
211236,61542
211236,62074
211236,63188
211344,124
211344,10652
211344,11262
211344,11490
211344,30500
211344,32496
211344,33886
211344,34092
211344,35732
211344,36720
211344,39186
211344,50270
211344,50272
211344,50274
211344,51974
211344,52918
211344,53160
211344,53386
211344,56714
211344,57804
211344,59394
211344,59396
211344,61028
211344,61280
211344,61348
211344,61558
211344,61560
211344,62400
211344,62944
211344,63360
211383,1304
211383,11262
211383,30500
211383,33886
211383,39186
211383,42132
211383,50716
211383,57414
211383,59816
211383,61028
211383,61542
211383,63186
211386,1370
211386,1372
211386,11262
211386,16358
211386,30500
211386,56714
211386,57414
211386,62074
211386,63510
211407,1304
211407,1370
211407,1372
211407,11262
211407,30500
211407,33534
211407,33886
211407,34092
211407,35846
211407,50718
211407,51974
211407,56714
211407,61542
211407,61552
211407,62074
211413,1304
211413,1370
211413,1372
211413,10652
211413,11262
211413,30500
211413,39186
211413,50270
211413,50274
211413,50716
211413,50718
211413,56714
211413,57414
211413,59822
211413,61280
211413,61364
211413,61542
211413,62074
211413,63188
211413,63218
211413,63360
211413,63510
211473,1304
211473,1370
211473,1372
211473,10652
211473,11262
211473,30500
211473,35732
211473,39186
211473,50270
211473,50716
211473,56714
211473,57414
211473,59822
211473,61364
211473,61542
211473,61558
211473,61560
211473,62170
211473,62274
211473,63188
211473,63510
211476,1304
211476,1370
211476,1372
211476,10652
211476,11262
211476,35732
211476,49888
211476,50716
211476,56714
211476,57414
211476,59396
211476,61364
211476,61542
211524,124
211524,1304
211524,1370
211524,1372
211524,3382
211524,10652
211524,11262
211524,30500
211524,33886
211524,34092
211524,35732
211524,39186
211524,44302
211524,46632
211524,48980
211524,50270
211524,50272
211524,50274
211524,50718
211524,50720
211524,52918
211524,53160
211524,54096
211524,54290
211524,56484
211524,56696
211524,56714
211524,57414
211524,57804
211524,59396
211524,59822
211524,61028
211524,61280
211524,61364
211524,61542
211524,61560
211524,61672
211524,62074
211524,62170
211524,62400
211524,62618
211524,62860
211524,62944
211524,63136
211524,63188
211524,63218
211524,63360
211524,63510
211524,63538
211524,63540
211527,124
211527,1304
211527,1370
211527,1372
211527,3382
211527,10652
211527,11262
211527,30500
211527,33886
211527,35732
211527,35846
211527,36720
211527,36762
211527,39186
211527,42132
211527,44302
211527,48574
211527,48980
211527,50270
211527,50272
211527,50274
211527,50716
211527,50718
211527,51974
211527,53160
211527,53406
211527,54096
211527,54290
211527,54864
211527,56714
211527,57804
211527,59394
211527,59396
211527,59816
211527,59822
211527,60522
211527,61028
211527,61280
211527,61348
211527,61364
211527,61540
211527,61542
211527,61552
211527,61558
211527,61560
211527,61672
211527,62074
211527,62170
211527,62274
211527,62276
211527,62400
211527,62944
211527,63136
211527,63186
211527,63188
211527,63218
211527,63360
211527,63510
211527,63538
211533,60
211533,124
211533,1206
211533,1304
211533,1370
211533,1372
211533,3382
211533,10652
211533,11262
211533,11490
211533,16358
211533,30500
211533,33534
211533,33886
211533,34092
211533,35732
211533,35846
211533,39186
211533,42132
211533,44302
211533,50270
211533,50274
211533,50716
211533,50718
211533,50720
211533,51316
211533,51974
211533,53160
211533,53406
211533,54096
211533,56696
211533,56714
211533,57414
211533,57804
211533,59396
211533,59816
211533,59822
211533,61028
211533,61280
211533,61348
211533,61364
211533,61540
211533,61542
211533,61552
211533,61558
211533,61560
211533,61672
211533,62074
211533,62376
211533,62618
211533,62944
211533,63136
211533,63186
211533,63188
211533,63218
211533,63360
211533,63510
211533,63540
211542,1304
211542,11262
211542,33886
211542,48574
211542,50716
211542,50718
211542,54096
211548,124
211548,1304
211548,1370
211548,1372
211548,10652
211548,11262
211548,30500
211548,33886
211548,35732
211548,39186
211548,50716
211548,56714
211548,57414
211548,61364
211548,61542
211548,63188
211632,1304
211632,1370
211632,11262
211632,16358
211632,33886
211632,50716
211632,57414
211632,62170
211638,1304
211638,11262
211638,30500
211638,33534
211638,61542
211638,62074
211641,1304
211641,1370
211641,3382
211641,11262
211641,30500
211641,33886
211641,56714
211641,61542
211683,1304
211683,1370
211683,1372
211683,10652
211683,11262
211683,30500
211683,35732
211683,39186
211683,48574
211683,50274
211683,50716
211683,54096
211683,57414
211683,59822
211683,61280
211683,61364
211683,61542
211683,62170
211683,62376
211740,16358
211749,42132
211749,44302
211749,50270
211749,53394
211749,56714
211749,59396
211749,59816
211749,61280
211749,62618
211749,63186
211761,1304
211761,1370
211761,1372
211761,11262
211761,35732
211761,56714
211761,57414
211761,61542
211761,63188
211767,1304
211767,1370
211767,10652
211767,11262
211767,30500
211767,34092
211767,50716
211767,50718
211767,56714
211767,63188
211767,63510
211806,1304
211806,1370
211806,1372
211806,11262
211806,30500
211806,35732
211806,39186
211806,56714
211806,61542
211806,63188
211812,1304
211812,1370
211812,1372
211812,11262
211812,33886
211812,56714
211812,61542
211815,1304
211815,1370
211815,1372
211815,10652
211815,11262
211815,16358
211815,30500
211815,33886
211815,35732
211815,50716
211815,50718
211815,50720
211815,52918
211815,56696
211815,56714
211815,57414
211815,59822
211815,61364
211815,61542
211815,62074
211815,63188
211815,63510
211947,1304
211947,1370
211947,11262
211947,39186
211947,57414
211947,63510
211950,1304
211950,1370
211950,1372
211950,10652
211950,11262
211950,16358
211950,30500
211950,34092
211950,35732
211950,35846
211950,39186
211950,42132
211950,49888
211950,50716
211950,50718
211950,56714
211950,57414
211950,59822
211950,61364
211950,61542
211950,61552
211950,61560
211950,62074
211950,62400
211950,62944
211950,63186
211950,63188
211950,63510
211965,1304
211965,1370
211965,11262
211965,16358
211965,30500
211965,33534
211965,33886
211965,34092
211965,35846
211965,53046
211965,53160
211965,56714
211965,57414
211965,61542
211965,61552
211965,62074
211965,62274
211965,63188
211989,1304
211989,1372
211989,11262
211989,30500
211989,57414
211989,61364
211989,61542
211989,63188
212112,124
212112,1304
212112,1370
212112,3382
212112,10652
212112,11262
212112,16358
212112,30500
212112,33534
212112,33886
212112,35732
212112,39186
212112,42132
212112,44302
212112,50274
212112,50716
212112,54096
212112,56696
212112,57414
212112,59396
212112,63186
212112,63510
212181,1370
212181,1372
212181,10652
212181,11262
212181,30500
212181,35732
212181,56696
212181,61280
212181,63188
212181,63510
212211,1304
212211,1370
212211,1372
212211,10652
212211,11262
212211,16358
212211,30500
212211,33534
212211,33886
212211,35732
212211,35846
212211,39186
212211,44302
212211,50716
212211,56714
212211,57414
212211,61028
212211,61280
212211,61364
212211,61542
212211,61672
212211,62074
212211,62170
212211,62274
212211,63186
212211,63188
212211,63360
212211,63510
212220,124
212220,1304
212220,1370
212220,1372
212220,3382
212220,10652
212220,10808
212220,11262
212220,11490
212220,16358
212220,30500
212220,32496
212220,33886
212220,35732
212220,35846
212220,36720
212220,39186
212220,42132
212220,44302
212220,46632
212220,48298
212220,48980
212220,50268
212220,50270
212220,50272
212220,50274
212220,50716
212220,50720
212220,51974
212220,52918
212220,53160
212220,53406
212220,54096
212220,54290
212220,54864
212220,55632
212220,56714
212220,57414
212220,57804
212220,59394
212220,59396
212220,59816
212220,60522
212220,61028
212220,61280
212220,61348
212220,61364
212220,61542
212220,61552
212220,61558
212220,61560
212220,61672
212220,62074
212220,62614
212220,62616
212220,62618
212220,62944
212220,63136
212220,63186
212220,63188
212220,63218
212220,63360
212220,63510
212232,1304
212232,1370
212232,10652
212232,11262
212232,33886
212232,35732
212232,39186
212232,48574
212232,50270
212232,50272
212232,56714
212232,59396
212232,61542
212232,62944
212235,11262
212256,1304
212256,1370
212256,10652
212256,11262
212256,30500
212256,35846
212256,44302
212256,50716
212256,50718
212256,56696
212256,56714
212256,57414
212256,61542
212256,61672
212256,62944
212283,1304
212283,1370
212283,11262
212283,33886
212283,35732
212283,50716
212283,56714
212283,61542
212283,63510
212301,1304
212301,1372
212301,10652
212301,11262
212301,30500
212301,33534
212301,33886
212301,35846
212301,36720
212301,39186
212301,42132
212301,44302
212301,49888
212301,50274
212301,50716
212301,50718
212301,53160
212301,54096
212301,56696
212301,56714
212301,57414
212301,57804
212301,59396
212301,59816
212301,61364
212301,61542
212301,62074
212301,62944
212301,63136
212301,63186
212301,63188
212301,63360
212301,63510
212337,1304
212337,1372
212337,11262
212337,30500
212337,33534
212337,33886
212337,50718
212337,56714
212337,59822
212337,61364
212337,61542
212337,62074
212379,1304
212379,1370
212379,1372
212379,10652
212379,11262
212379,30500
212379,39186
212379,50270
212379,56714
212379,57804
212379,61028
212379,61364
212379,62400
212397,1304
212397,1372
212397,39186
212397,50716
212397,61364
212397,61542
212397,63188
212430,1304
212430,1370
212430,1372
212430,10652
212430,11262
212430,16358
212430,30500
212430,35732
212430,39186
212430,50274
212430,50716
212430,53160
212430,56714
212430,57414
212430,59822
212430,61280
212430,61364
212430,61542
212430,62074
212430,62170
212430,63188
212430,63360
212430,63510
212433,1304
212433,11262
212433,50716
212433,56714
212442,1304
212442,1370
212442,1372
212442,10652
212442,11262
212442,16358
212442,30500
212442,33886
212442,35732
212442,39186
212442,50716
212442,50718
212442,53160
212442,54096
212442,56696
212442,56714
212442,57414
212442,59822
212442,61280
212442,61364
212442,61542
212442,62074
212442,63188
212442,63510
212445,1304
212445,11262
212445,32496
212445,33886
212445,34092
212445,35732
212445,36720
212445,44302
212445,50270
212445,50274
212445,50716
212445,51974
212445,53256
212445,56714
212445,57804
212445,59396
212445,61280
212445,61348
212445,62944
212445,63188
212445,63510
212448,1304
212448,1372
212448,10652
212448,11262
212448,30500
212448,33886
212448,35732
212448,39186
212448,44302
212448,48980
212448,50270
212448,50716
212448,54096
212448,56696
212448,56714
212448,57414
212448,59396
212448,61028
212448,61364
212448,61542
212448,61558
212448,62074
212448,62944
212448,63136
212448,63188
212448,63510
212469,1304
212469,1370
212469,1372
212469,10652
212469,11262
212469,16358
212469,30500
212469,35732
212469,35846
212469,39186
212469,50270
212469,50274
212469,50716
212469,50718
212469,53160
212469,56696
212469,56714
212469,57414
212469,59396
212469,59822
212469,61028
212469,61280
212469,61364
212469,61542
212469,61552
212469,62074
212469,62376
212469,62618
212469,63188
212469,63360
212475,1370
212475,1372
212475,11262
212475,61364
212478,11262
212478,44302
212478,50716
212478,62944
212478,63510
212505,1304
212505,33886
212505,35732
212505,61542
212526,1304
212526,1370
212526,1372
212526,10652
212526,11262
212526,16358
212526,30500
212526,33886
212526,35732
212526,35846
212526,39186
212526,50716
212526,50718
212526,56696
212526,56714
212526,57414
212526,59822
212526,61364
212526,61542
212526,61558
212526,61560
212526,62170
212526,62376
212526,63188
212550,1304
212550,1370
212550,1372
212550,11262
212550,33886
212550,39186
212550,49888
212550,50716
212550,61364
212550,61542
212550,62944
212550,63188
212571,1304
212571,1370
212571,10652
212571,11262
212571,16358
212571,30500
212571,35732
212571,50716
212574,1370
212574,11262
212574,30500
212574,33886
212586,1370
212586,1372
212586,10652
212586,11262
212586,39186
212586,49888
212586,50716
212586,56714
212586,57414
212586,61028
212586,61280
212586,61364
212586,61542
212586,62274
212586,63186
212586,63188
212586,63510
212592,1304
212592,1370
212592,11262
212592,59822
212592,61542
212595,1304
212595,1370
212595,10652
212595,11262
212595,30500
212595,34092
212595,50716
212595,50718
212595,56714
212595,57414
212595,59822
212595,63188
212595,63510
212637,11262
212637,30500
212637,63510
212640,1304
212640,1370
212640,11262
212640,30500
212640,33886
212640,56714
212640,61542
212688,33534
212688,35732
212688,39186
212688,51974
212688,54096
212688,54290
212688,57804
212688,61028
212688,61280
212688,61348
212688,61560
212688,62074
212688,63360
212721,1304
212721,1370
212721,1372
212721,3382
212721,10652
212721,11262
212721,30500
212721,33886
212721,35732
212721,39186
212721,48980
212721,50270
212721,50274
212721,50716
212721,50718
212721,51974
212721,53160
212721,56696
212721,56714
212721,57414
212721,57804
212721,59396
212721,59822
212721,61028
212721,61280
212721,61364
212721,61542
212721,61558
212721,61560
212721,62170
212721,62400
212721,62616
212721,62618
212721,62944
212721,63188
212721,63360
212745,1304
212745,1370
212745,11262
212745,16358
212745,61542
212745,61558
212745,61560
212745,63188
212748,1304
212748,1370
212748,1372
212748,10652
212748,11262
212748,30500
212748,32496
212748,33886
212748,35732
212748,39186
212748,42132
212748,46632
212748,48980
212748,50270
212748,50716
212748,50970
212748,54096
212748,56696
212748,56714
212748,57414
212748,59396
212748,59816
212748,61028
212748,61364
212748,61542
212748,62074
212748,63188
212748,63218
212748,63510
212775,1304
212775,1370
212775,56714
212775,57414
212775,61542
212892,1370
212892,1372
212892,10652
212892,11262
212892,16358
212892,30500
212892,33886
212892,39186
212892,50716
212892,53160
212892,56714
212892,57414
212892,61364
212892,62376
212892,63188
212892,63360
213102,1304
213102,1370
213102,1372
213102,10652
213102,11262
213102,16358
213102,30500
213102,33886
213102,34092
213102,35732
213102,39186
213102,44302
213102,50716
213102,53160
213102,53394
213102,56714
213102,57414
213102,59822
213102,61028
213102,61280
213102,61364
213102,61542
213102,61560
213102,62074
213102,62170
213102,62376
213102,62616
213102,62944
213102,63136
213102,63188
213102,63360
213102,63418
213102,63510
213114,1304
213114,1370
213114,1372
213114,10652
213114,11262
213114,16358
213114,30500
213114,33534
213114,33886
213114,35732
213114,35846
213114,39186
213114,42132
213114,50716
213114,53160
213114,54096
213114,56714
213114,57414
213114,59822
213114,61364
213114,61542
213114,61558
213114,61560
213114,62074
213114,62170
213114,63186
213114,63188
213114,63510
213513,1304
213513,1370
213513,10652
213513,11262
213513,30500
213513,50716
213513,56696
213513,57414
213513,61542
213513,63188
213513,63510
213885,10652
213885,11262
213885,30500
213885,32496
213885,34092
213885,35732
213885,36720
213885,36762
213885,39186
213885,42132
213885,44302
213885,48298
213885,48980
213885,50270
213885,50272
213885,50274
213885,50716
213885,50718
213885,51974
213885,52918
213885,53160
213885,53386
213885,54096
213885,54290
213885,55798
213885,56714
213885,57804
213885,59394
213885,59396
213885,61280
213885,61348
213885,62618
213885,62944
213885,63136
213885,63186
213885,63218
213885,63360
213885,63510
213978,60
213978,36720
213978,50274
213978,56714
213978,57804
213987,1304
213987,1370
213987,11262
213987,56714
213987,61542
214194,1304
214194,11262
214194,62074
214506,1370
214506,11262
214506,16358
214506,33886
214506,53160
214506,57414
214506,63186
214968,1304
214968,1370
214968,1372
214968,10652
214968,11262
214968,30500
214968,50716
214968,53160
214968,56714
214968,57414
214968,61542
214998,10808
214998,36720
214998,50274
214998,56714
214998,57804
215112,10652
215112,11262
215112,30500
215112,35732
215112,39186
215112,44302
215112,50270
215112,50272
215112,50274
215112,50716
215112,52918
215112,56714
215112,59396
215112,61280
215112,61558
215112,62944
215112,63510
215247,1304
215247,11262
215247,30500
215247,33886
215247,34092
215247,36720
215247,39186
215247,44302
215247,48298
215247,50274
215247,50716
215247,52918
215247,53160
215247,56696
215247,57804
215247,59394
215247,59396
215247,61280
215247,61348
215247,61540
215247,62274
215298,1304
215298,1372
215298,11262
215298,30500
215298,39186
215298,50718
215298,56714
215298,57414
215298,61364
215298,61542
215298,63188
215457,1304
215457,1370
215457,1372
215457,35846
215457,42132
215457,56714
215457,57414
215457,61364
215457,61542
215457,61552
215457,63186
215457,63188
215517,1304
215517,11262
215517,35846
215517,61542
215985,11262
215985,30500
215985,33886
215985,49888
215985,50716
215985,56696
215985,63510
215985,63540
216033,1304
216033,1370
216033,1372
216033,11262
216033,30500
216033,33886
216033,39186
216033,49888
216033,50274
216033,50716
216033,51974
216033,56714
216033,59822
216033,61028
216033,61364
216033,61542
216033,62170
216033,62400
216033,63360
216108,1304
216108,1370
216108,1372
216108,10652
216108,11262
216108,30500
216108,34092
216108,35732
216108,49888
216108,50716
216108,56696
216108,56714
216108,57414
216108,61280
216108,61364
216108,61542
216108,61558
216108,61560
216108,61672
216108,63188
216108,63360
216108,63510
216123,1370
216123,11262
216123,63188
216309,124
216309,1304
216309,1370
216309,1372
216309,10652
216309,10808
216309,11262
216309,30500
216309,35732
216309,36720
216309,39186
216309,44302
216309,50270
216309,50274
216309,50716
216309,54096
216309,56714
216309,57414
216309,57804
216309,59396
216309,59822
216309,61028
216309,61364
216309,62378
216366,11262
216366,35732
216366,35846
216366,50970
216495,1304
216495,1370
216495,11262
216495,61542
216495,63188
216498,1304
216498,1370
216498,1372
216498,10652
216498,11262
216498,16358
216498,30500
216498,33534
216498,35732
216498,35846
216498,39186
216498,44302
216498,49888
216498,50716
216498,50718
216498,56696
216498,56714
216498,57414
216498,59822
216498,61028
216498,61364
216498,61540
216498,61542
216498,62074
216498,62944
216498,63188
216564,10808
216564,36720
216564,50274
216564,56714
216564,57804
216648,1304
216648,1370
216648,10652
216648,11262
216648,30500
216648,35732
216648,44302
216648,50716
216648,50718
216648,53160
216648,56696
216648,56714
216648,57414
216648,59822
216648,61280
216648,61542
216648,61672
216648,62944
216822,1304
216822,1370
216822,10652
216822,11262
216822,11490
216822,30500
216822,39186
216822,44302
216822,50274
216822,50716
216822,53160
216822,56714
216822,57414
216822,61364
216822,61542
216822,62274
216822,62944
216822,63188
216822,63360
216822,63510
216948,1304
216948,1370
216948,1372
216948,11262
216948,30500
216948,49888
216948,50716
216948,50718
216948,56714
216948,57414
216948,59822
216948,61542
216948,62074
216948,62376
216948,63188
216948,63510
216981,1304
216981,1370
216981,1372
216981,10652
216981,10808
216981,11262
216981,57414
216981,61364
216981,61542
216981,63188
217002,1304
217002,1370
217002,1372
217002,11262
217002,30500
217002,32496
217002,34092
217002,35732
217002,39186
217002,50274
217002,50716
217002,50718
217002,53386
217002,56714
217002,57414
217002,61028
217002,61280
217002,61364
217002,61542
217002,62170
217002,62944
217002,63188
217002,63218
217293,1304
217293,1370
217293,11262
217293,56714
217293,59822
217293,61542
217293,62376
217380,1304
217380,1370
217380,56696
217380,56714
217380,61542
217494,1304
217494,1370
217494,10652
217494,11262
217494,16358
217494,33886
217494,35732
217494,50716
217494,50718
217494,52918
217494,59822
217494,62376
217494,63418
217494,63510
217536,50274
217536,56714
217620,1304
217620,1370
217620,1372
217620,11262
217620,50720
217620,52918
217620,57414
217620,59822
217620,61364
217620,61542
217620,62074
217620,62170
217620,63188
217752,124
217752,1304
217752,1370
217752,1372
217752,11262
217752,30500
217752,50716
217752,54096
217752,61364
217752,61542
217752,63188
217752,63510
217782,124
217782,1304
217782,1370
217782,1372
217782,3382
217782,10652
217782,10808
217782,11262
217782,11490
217782,16358
217782,30500
217782,32496
217782,34092
217782,35732
217782,35846
217782,36720
217782,36762
217782,39186
217782,42132
217782,44302
217782,46632
217782,48298
217782,48980
217782,50270
217782,50272
217782,50274
217782,50716
217782,50720
217782,51974
217782,52918
217782,53160
217782,53386
217782,53406
217782,54096
217782,54290
217782,54864
217782,55638
217782,56696
217782,56714
217782,57414
217782,57522
217782,57804
217782,59394
217782,59396
217782,59816
217782,59822
217782,60522
217782,61028
217782,61280
217782,61348
217782,61364
217782,61542
217782,61558
217782,61560
217782,61672
217782,62074
217782,62616
217782,62618
217782,62944
217782,63136
217782,63186
217782,63188
217782,63218
217782,63360
217782,63510
217782,63540
217848,1304
217848,1370
217848,1372
217848,10652
217848,11262
217848,30500
217848,33886
217848,34092
217848,35732
217848,36720
217848,39186
217848,44302
217848,49888
217848,50270
217848,50272
217848,50274
217848,50716
217848,50720
217848,51974
217848,53160
217848,53406
217848,54096
217848,56696
217848,56714
217848,57414
217848,59394
217848,59396
217848,59822
217848,61280
217848,61364
217848,61540
217848,61542
217848,61672
217848,62074
217848,62274
217848,62944
217848,63136
217848,63188
217848,63218
217848,63360
217848,63418
217848,63510
217872,1304
217872,1370
217872,11262
217872,61540
217872,61542
218061,1304
218061,1370
218061,1372
218061,10652
218061,11262
218061,39186
218061,57414
218061,61542
218121,1304
218121,1370
218121,1372
218121,10652
218121,11262
218121,33886
218121,35732
218121,35846
218121,42132
218121,50716
218121,53160
218121,54096
218121,57414
218121,59822
218121,61364
218121,61542
218121,62074
218121,62376
218121,63186
218121,63188
218121,63218
218265,1304
218265,1370
218265,1372
218265,10652
218265,11262
218265,30500
218265,33886
218265,35732
218265,50716
218265,50718
218265,56714
218265,57414
218265,61364
218265,61542
218265,63188
218673,1304
218673,1370
218673,10652
218673,11262
218673,30500
218673,35732
218673,39186
218673,48574
218673,50716
218673,56714
218673,57414
218673,61542
218673,63188
218958,11262
218958,32496
218958,33886
218958,34092
218958,39186
218958,49888
218958,50718
218958,52918
218958,59394
218958,59396
218958,61280
218958,62274
218958,63188
218958,63510
219021,1304
219021,1370
219021,1372
219021,10652
219021,11262
219021,30500
219021,35732
219021,50716
219021,50718
219021,50720
219021,56714
219021,57414
219021,59822
219021,61364
219021,61542
219021,61558
219021,61560
219021,61672
219021,62376
219021,63188
219021,63418
219021,63510
219030,1304
219030,1370
219030,1372
219030,10652
219030,11262
219030,33886
219030,56696
219030,57414
219030,63186
219030,63188
219030,63510
219048,1304
219048,1370
219048,1372
219048,10652
219048,11262
219048,30500
219048,33886
219048,35732
219048,39186
219048,49888
219048,50716
219048,50718
219048,54096
219048,56696
219048,56714
219048,57414
219048,57804
219048,59822
219048,61280
219048,61364
219048,61542
219048,61558
219048,61560
219048,62074
219048,62274
219048,63188
219048,63510
219132,1304
219132,1370
219132,1372
219132,10652
219132,11262
219132,35846
219132,56714
219132,61542
219132,61552
219132,63188
219132,63510
219231,11262
219231,33886
219231,50716
219231,61280
219231,63360
219231,63510
219381,124
219381,1304
219381,1370
219381,1372
219381,10652
219381,11262
219381,30500
219381,33886
219381,57414
219381,61542
219381,63188
219420,1304
219420,1370
219420,11262
219420,30500
219420,50716
219420,61542
219450,124
219450,1304
219450,1370
219450,1372
219450,11262
219450,16358
219450,30500
219450,33534
219450,35732
219450,35846
219450,56696
219450,56714
219450,57414
219450,61364
219450,61542
219450,62074
219450,62170
219450,63188
219450,63360
219456,1304
219456,11262
219456,30500
219456,61542
219522,1370
219522,11262
219522,30500
219522,56714
220011,1304
220011,1370
220011,1372
220011,11262
220011,30500
220011,49888
220011,50716
220011,56714
220011,57414
220011,59822
220011,61542
220011,62170
220011,62376
220011,62944
220011,63188
220011,63510
220047,1370
220047,1372
220047,11262
220047,56714
220095,1370
220095,62170
220095,62376
220170,1304
220170,1370
220170,10652
220170,11262
220170,30500
220170,50716
220170,56714
220170,57414
220170,62378
220170,63510
220179,10808
220179,11262
220179,33534
220179,56714
220218,1304
220218,1370
220218,1372
220218,10652
220218,11262
220218,33886
220218,34092
220218,44302
220218,50270
220218,50716
220218,56714
220218,57414
220218,59396
220218,61542
220218,63510
220269,124
220269,1304
220269,1370
220269,1372
220269,3382
220269,10652
220269,10808
220269,11262
220269,11490
220269,16358
220269,30500
220269,32496
220269,33534
220269,33886
220269,35732
220269,35846
220269,36720
220269,36722
220269,39186
220269,42132
220269,44302
220269,46632
220269,48298
220269,48980
220269,50270
220269,50272
220269,50274
220269,50716
220269,50720
220269,51974
220269,52918
220269,53160
220269,53406
220269,54096
220269,54290
220269,56714
220269,57414
220269,57804
220269,59394
220269,59396
220269,59816
220269,59822
220269,60522
220269,61028
220269,61280
220269,61348
220269,61364
220269,61542
220269,61552
220269,61560
220269,61672
220269,62074
220269,62170
220269,62376
220269,62378
220269,62618
220269,62944
220269,63136
220269,63186
220269,63188
220269,63218
220269,63360
220269,63418
220269,63510
220302,1304
220302,11262
220302,33886
220302,35732
220302,35846
220302,39186
220302,49888
220302,50716
220302,57414
220302,59822
220302,61542
220302,62944
220302,63510
220632,1304
220632,1370
220632,1372
220632,11262
220632,16358
220632,33534
220632,35732
220632,35846
220632,39186
220632,56714
220632,57414
220632,61542
220632,61552
220632,61558
220632,62074
220632,63188
220713,1304
220713,1370
220713,1372
220713,10652
220713,11262
220713,16358
220713,30500
220713,35732
220713,35846
220713,39186
220713,44302
220713,50716
220713,56714
220713,57414
220713,59822
220713,61028
220713,61542
220713,61558
220713,61560
220713,62074
220713,62274
220713,62376
220713,62378
220713,63188
220728,1304
220728,1370
220728,1372
220728,10652
220728,11262
220728,30500
220728,33886
220728,35732
220728,35846
220728,39186
220728,44302
220728,46632
220728,50270
220728,50716
220728,50718
220728,53160
220728,56696
220728,56714
220728,57414
220728,59396
220728,59822
220728,61364
220728,61542
220728,61558
220728,61560
220728,61672
220728,62074
220728,62376
220728,62944
220728,63188
220728,63418
220728,63510
221115,1304
221115,1370
221115,1372
221115,10652
221115,11262
221115,30500
221115,33886
221115,35732
221115,50716
221115,56696
221115,56714
221115,57414
221115,61542
221115,62170
221115,63188
221115,63360
221115,63510
221151,1304
221151,11262
221151,30500
221151,35732
221151,50718
221151,56714
221151,57414
221151,61542
221196,1304
221196,11262
221196,30500
221196,35732
221196,35846
221196,56714
221196,57414
221247,10808
221247,36720
221247,50274
221247,56714
221247,57804
221331,124
221331,1304
221331,1370
221331,1372
221331,3382
221331,10652
221331,10808
221331,11262
221331,30500
221331,32496
221331,35732
221331,36720
221331,39186
221331,44302
221331,50270
221331,50272
221331,50274
221331,50716
221331,50718
221331,51974
221331,52620
221331,53160
221331,53386
221331,54096
221331,54290
221331,56484
221331,56714
221331,57414
221331,57804
221331,59396
221331,61028
221331,61280
221331,61348
221331,61364
221331,61542
221331,62074
221331,62400
221331,62944
221331,63136
221331,63188
221331,63218
221331,63360
221331,63510
221409,1304
221409,1372
221409,33886
221409,56714
221409,61364
221409,61542
221409,63188
221526,1304
221526,1370
221526,11262
221526,16358
221526,30500
221526,33886
221526,34092
221526,35732
221526,35846
221526,49888
221526,50716
221526,54096
221526,56714
221526,57414
221526,59822
221526,61542
221526,61552
221526,62074
221526,62378
221526,63510
221610,1304
221610,1370
221610,1372
221610,11262
221610,16358
221610,35846
221610,42132
221610,50716
221610,54096
221610,56714
221610,57414
221610,59816
221610,61542
221610,63188
221751,1304
221751,11262
221751,33886
221751,49888
221751,57414
221751,61542
221751,62944
221751,63510
222159,1304
222159,1370
222159,1372
222159,11262
222159,33886
222159,49888
222159,50718
222159,61364
222204,1304
222204,1370
222204,1372
222204,10652
222204,11262
222204,30500
222204,33886
222204,35732
222204,39186
222204,44302
222204,50270
222204,50716
222204,50718
222204,56714
222204,57414
222204,59396
222204,59822
222204,61028
222204,61364
222204,61542
222204,61560
222204,62170
222204,62944
222204,63188
222204,63510
222204,63538
222225,11262
222225,33886
222306,124
222306,1304
222306,1370
222306,1372
222306,10652
222306,11262
222306,30500
222306,44302
222306,50716
222306,53160
222306,56714
222306,57414
222306,59394
222306,59396
222306,61542
222306,62944
222306,63188
222306,63220
222306,63510
222438,1304
222438,1370
222438,1372
222438,10652
222438,11262
222438,30500
222438,35732
222438,50270
222438,50716
222438,53160
222438,54096
222438,56714
222438,57414
222438,59396
222438,61280
222438,61542
222438,61560
222438,61672
222438,62944
222438,63188
222438,63218
222438,63418
222438,63510
222516,1304
222540,1304
222540,1372
222540,33886
222540,57414
222540,61364
222540,61542
222540,63188
222621,1304
222621,1370
222621,1372
222621,11262
222621,48574
222621,61364
222621,61542
222669,1304
222669,1370
222669,10808
222669,11262
222669,33886
222669,34092
222669,39186
222669,44302
222669,50270
222669,50716
222669,53258
222669,56714
222669,59396
222669,61028
222669,61280
222669,61542
222669,62618
222669,63136
222669,63360
222669,63510
222669,63538
222669,63540
222711,1370
222711,10652
222711,11262
222711,39186
222711,56714
222750,1304
222750,1370
222750,1372
222750,11262
222750,30500
222750,35732
222750,39186
222750,50716
222750,61364
222750,61542
222750,62074
222750,63188
222750,63510
222759,11262
222759,30500
222759,33886
222759,44302
222759,49888
222759,50716
222759,54096
222843,1304
222843,11262
222843,30500
222843,61542
222843,62074
222852,1370
222894,1304
222894,1370
222894,11262
222894,30500
222894,33886
222894,35732
222894,35846
222894,56714
222894,57414
222894,61542
222894,61560
222894,63510
222906,1304
222906,1370
222906,1372
222906,10652
222906,10808
222906,11262
222906,30500
222906,32496
222906,33886
222906,34092
222906,35732
222906,36720
222906,39186
222906,44302
222906,50270
222906,50274
222906,50716
222906,50718
222906,53160
222906,53406
222906,54096
222906,56714
222906,57414
222906,57804
222906,59396
222906,61028
222906,61280
222906,61348
222906,61364
222906,61542
222906,61558
222906,61560
222906,61672
222906,62074
222906,62400
222906,62618
222906,63188
222906,63220
222906,63510
223071,1370
223071,11490
223071,32496
223071,50718
223071,56714
223071,57414
223089,60
223089,10808
223089,36720
223089,36762
223089,50274
223089,50962
223089,56714
223089,57804
223104,1304
223104,1370
223104,1372
223104,11262
223104,30500
223104,33886
223104,34092
223104,42132
223104,49888
223104,50274
223104,50716
223104,50718
223104,57414
223104,63186
223104,63188
223104,63360
223104,63510
223389,1304
223389,1372
223389,56714
223389,57414
223389,61542
223389,62274
223401,124
223401,1372
223401,56714
223401,57414
223401,63510
223518,1304
223518,1370
223518,1372
223518,10652
223518,11262
223518,30500
223518,33886
223518,49888
223518,50268
223518,50716
223518,50718
223518,50720
223518,52918
223518,56714
223518,57414
223518,61280
223518,61542
223518,61672
223518,62074
223518,62274
223518,63188
223518,63510
223518,63538
223530,1304
223530,11262
223530,30500
223530,57414
223530,62944
223530,63510
223554,1304
223554,1370
223554,11262
223554,30500
223554,49888
223554,56714
223554,57414
223554,61542
223554,62074
223554,63510
223728,1304
223728,1370
223728,1372
223728,11262
223728,16358
223728,30500
223728,33886
223728,35732
223728,50270
223728,50716
223728,54096
223728,56714
223728,57414
223728,59396
223728,59822
223728,61542
223728,62074
223728,62944
223728,63186
223728,63188
223728,63510
223776,1304
223776,1370
223776,1372
223776,10652
223776,11262
223776,30500
223776,35732
223776,39186
223776,49888
223776,50272
223776,50716
223776,54096
223776,56714
223776,57414
223776,59394
223776,59396
223776,61280
223776,61542
223776,61560
223776,61672
223776,62074
223776,62944
223776,63188
223776,63218
223776,63360
223776,63510
223782,1304
223782,1370
223782,1372
223782,11262
223782,30500
223782,35732
223782,50718
223782,56714
223782,57414
223782,59822
223782,61542
223782,62074
223782,62376
223782,63188
223782,63510
223968,1304
223968,1370
223968,1372
223968,10652
223968,11262
223968,30500
223968,35732
223968,39186
223968,44302
223968,49888
223968,50716
223968,50718
223968,54096
223968,56714
223968,57414
223968,61364
223968,61542
223968,61558
223968,62074
223968,62944
223968,63188
223968,63510
224145,1304
224145,1370
224145,10652
224145,11262
224145,30500
224145,33886
224145,35732
224145,39186
224145,44302
224145,49888
224145,50270
224145,50716
224145,53160
224145,53394
224145,55798
224145,56714
224145,57414
224145,59396
224145,61542
224145,62170
224145,62274
224145,62944
224145,63188
224145,63220
224145,63510
224169,124
224169,1304
224169,1370
224169,1372
224169,10652
224169,11262
224169,30500
224169,33886
224169,34092
224169,35732
224169,39186
224169,44302
224169,49888
224169,50274
224169,50716
224169,50718
224169,54096
224169,56714
224169,57414
224169,59394
224169,59396
224169,61364
224169,61542
224169,62944
224169,63188
224169,63510
224208,1370
224208,1372
224208,36720
224208,56714
224208,57804
224208,61364
224211,1370
224211,1372
224211,3382
224211,10652
224211,11262
224211,30500
224211,32496
224211,33886
224211,39186
224211,49888
224211,50716
224211,50718
224211,50720
224211,52918
224211,54096
224211,56714
224211,57414
224211,59822
224211,61280
224211,61542
224211,62170
224211,62274
224211,62944
224211,63188
224211,63510
224280,1304
224280,1370
224280,10652
224280,11262
224280,30500
224280,33886
224280,39186
224280,44302
224280,49888
224280,50716
224280,56696
224280,56714
224280,57414
224280,61542
224280,62074
224280,62944
224526,1304
224526,1370
224526,1372
224526,10652
224526,11262
224526,30500
224526,33886
224526,35732
224526,50716
224526,57414
224526,59822
224526,61542
224526,61672
224526,63188
224526,63510
224631,1304
224631,1370
224631,1372
224631,10652
224631,11262
224631,35732
224631,39186
224631,49888
224631,50716
224631,56714
224631,61364
224631,61542
224631,63188
224631,63510
224787,1304
224787,1372
224787,11262
224787,30500
224787,39186
224787,54096
224787,56714
224787,57414
224787,61542
224841,1304
224841,1370
224841,11262
224841,35732
224841,57414
224841,61542
224874,1370
224874,10652
224874,11262
224874,16358
224874,36720
224874,42132
224874,49888
224874,50720
224874,56714
224874,57414
224874,57804
224874,59816
224874,62274
224874,63186
224874,63360
224925,1304
224925,1370
224925,1372
224925,11262
224925,30500
224925,56714
224925,57414
224925,62170
224931,1304
224931,1370
224931,11262
224931,30500
224931,35732
224931,56714
224931,57414
224931,61542
224931,63188
225012,1304
225012,1370
225012,1372
225012,10652
225012,11262
225012,30500
225012,35732
225012,49888
225012,50716
225012,53394
225012,56714
225012,57414
225012,59822
225012,62944
225012,63188
225012,63418
225276,1304
225276,1370
225276,1372
225276,11262
225276,30500
225276,33886
225276,35732
225276,50718
225276,56714
225276,59822
225276,61542
225276,62376
225276,63188
225351,1304
225351,1370
225351,11262
225351,33886
225351,56714
225351,57414
225351,61542
225351,62074
225390,1304
225390,1370
225390,10652
225390,11262
225390,35732
225390,35846
225393,124
225393,1304
225393,1370
225393,1372
225393,10652
225393,11262
225393,30500
225393,32496
225393,33534
225393,33886
225393,34092
225393,35732
225393,35846
225393,36720
225393,36762
225393,39186
225393,42132
225393,44302
225393,46632
225393,48980
225393,50270
225393,50272
225393,50274
225393,50716
225393,50718
225393,53406
225393,54096
225393,56696
225393,56714
225393,57414
225393,57804
225393,59394
225393,59396
225393,59816
225393,60522
225393,61028
225393,61280
225393,61364
225393,61542
225393,61552
225393,61672
225393,62170
225393,62274
225393,62400
225393,62618
225393,62944
225393,63136
225393,63186
225393,63188
225393,63218
225393,63418
225396,1370
225396,10652
225396,11262
225396,39186
225396,56696
225396,63186
225480,1304
225480,1370
225480,16358
225480,35732
225480,61542
225501,124
225501,1304
225501,1370
225501,1372
225501,10652
225501,11262
225501,11490
225501,16358
225501,30500
225501,33534
225501,33886
225501,34092
225501,35732
225501,39186
225501,48980
225501,49888
225501,50274
225501,50716
225501,50718
225501,51974
225501,54096
225501,55798
225501,56484
225501,56696
225501,56714
225501,57414
225501,57804
225501,59394
225501,59822
225501,61364
225501,61542
225501,61558
225501,62074
225501,62274
225501,62376
225501,62944
225501,63136
225501,63186
225501,63188
225501,63218
225501,63360
225501,63418
225501,63510
225654,1304
225654,1370
225654,56714
225654,61542
225669,1304
225669,1370
225669,1372
225669,11262
225669,16358
225669,33886
225669,35732
225669,35846
225669,39186
225669,50716
225669,50718
225669,59822
225669,61028
225669,61542
225669,61558
225669,61560
225669,62074
225669,62170
225669,62376
225672,1304
225672,1370
225672,1372
225672,10652
225672,11262
225672,30500
225672,35732
225672,35846
225672,39186
225672,49888
225672,50716
225672,56714
225672,57414
225672,59822
225672,62074
225672,62944
225672,63188
225699,1304
225699,1370
225699,10652
225699,11262
225699,33886
225699,50716
225699,56714
225699,61542
225699,62376
225699,63510
225747,1304
225747,1370
225747,1372
225747,10652
225747,11262
225747,30500
225747,33886
225747,35732
225747,39186
225747,50270
225747,51974
225747,54096
225747,57414
225747,59822
225747,61028
225747,61542
225747,61560
225747,61672
225747,62376
225972,1370
225972,16358
226140,11262
226140,33886
226140,39186
226140,44302
226140,50270
226140,50272
226140,50274
226140,50716
226140,54290
226140,59394
226140,59396
226140,61280
226140,63360
226623,1304
226623,1370
226623,11262
226623,30500
226623,33886
226623,48574
226623,50716
226623,56714
226623,57414
226623,61542
226623,62074
226662,1304
226662,1370
226662,1372
226662,10652
226662,11262
226662,16358
226662,30500
226662,33886
226662,34092
226662,35846
226662,39186
226662,49888
226662,50716
226662,53160
226662,54290
226662,56696
226662,56714
226662,57414
226662,59396
226662,61364
226662,61542
226662,62074
226662,63188
226662,63360
226662,63510
226827,1304
226827,1370
226827,1372
226827,11262
226827,30500
226827,33886
226827,48574
226827,56714
226827,61542
226848,1304
226848,1370
226848,11262
226848,30500
226848,61542
226848,63188
227115,1304
227115,1370
227115,1372
227115,11262
227115,33886
227115,35732
227115,50716
227115,57414
227115,59822
227115,61364
227115,61542
227115,63510
227223,1304
227223,1370
227223,11262
227223,52918
227223,61542
227238,1370
227238,10652
227238,11262
227238,57414
227292,1304
227292,1370
227292,1372
227292,10652
227292,11262
227292,30500
227292,33886
227292,34092
227292,35732
227292,39186
227292,44302
227292,49888
227292,50716
227292,56714
227292,57414
227292,61028
227292,61364
227292,61542
227292,61672
227292,62074
227292,62170
227292,62944
227292,63188
227292,63418
227292,63510
227295,1304
227295,1370
227295,1372
227295,10652
227295,11262
227295,30500
227295,33886
227295,35732
227295,39186
227295,49888
227295,50716
227295,50718
227295,56714
227295,57414
227295,59822
227295,61542
227295,61560
227295,62074
227295,63188
227295,63540
227310,1304
227310,1370
227310,1372
227310,10652
227310,11262
227310,30500
227310,33886
227310,34092
227310,35732
227310,39186
227310,44302
227310,50270
227310,50274
227310,50716
227310,56714
227310,57414
227310,59396
227310,61542
227310,61558
227310,62944
227310,63188
227310,63510
227343,1304
227343,1370
227343,1372
227343,10652
227343,11262
227343,16358
227343,30500
227343,35732
227343,35846
227343,50716
227343,56714
227343,57414
227343,59822
227343,61364
227343,61542
227343,63188
227343,63510
227469,1304
227469,1370
227469,1372
227469,10652
227469,11262
227469,30500
227469,35732
227469,39186
227469,44302
227469,48574
227469,50274
227469,53160
227469,54096
227469,57414
227469,59394
227469,61028
227469,61280
227469,61364
227469,61542
227469,61672
227469,62944
227469,63188
227469,63360
227469,63510
227616,1304
227616,1370
227616,1372
227616,10652
227616,11262
227616,30500
227616,33886
227616,35732
227616,35846
227616,39186
227616,50716
227616,56696
227616,57414
227616,59822
227616,61364
227616,61542
227616,61552
227616,62074
227616,63186
227616,63188
227616,63510
227664,1304
227664,1370
227664,1372
227664,33886
227664,39186
227664,50716
227664,56714
227664,57414
227664,61028
227664,61364
227664,61542
227664,63188
227670,1304
227670,1370
227670,1372
227670,10652
227670,11262
227670,30500
227670,35732
227670,39186
227670,44302
227670,50270
227670,50274
227670,50716
227670,50718
227670,56714
227670,57414
227670,59396
227670,61542
227670,61672
227670,62944
227670,63188
227670,63510
227829,1304
227829,1370
227829,11262
227829,33886
227829,56696
227829,61542
227829,62170
227829,63188
227973,1304
227973,1370
227973,10652
227973,11262
227973,30500
227973,34092
227973,35732
227973,39186
227973,56714
227973,57414
227973,61672
227973,62074
227973,63510
227988,1304
227988,1370
227988,1372
227988,10652
227988,11262
227988,16358
227988,33886
227988,35732
227988,39186
227988,50716
227988,56714
227988,57414
227988,59822
227988,61364
227988,61542
227988,61672
227988,62074
227988,62170
227988,62274
227988,63188
227988,63510
228024,1304
228024,1370
228024,1372
228024,10652
228024,11262
228024,30500
228024,33886
228024,50716
228024,56714
228024,57414
228024,63188
228060,1304
228060,1370
228060,1372
228060,11262
228060,16358
228060,30500
228060,33886
228060,34092
228060,35732
228060,35846
228060,39186
228060,50716
228060,50718
228060,50720
228060,53160
228060,56696
228060,56714
228060,57414
228060,59822
228060,61364
228060,61542
228060,61552
228060,62074
228060,62170
228060,62376
228060,63188
228060,63418
228060,63510
228315,1304
228315,1370
228315,11262
228315,34092
228315,56696
228315,56714
228315,61542
228315,62074
228438,1304
228438,1370
228438,11262
228438,49888
228438,57414
228564,11262
228564,30500
228564,35732
228564,63510
228687,1370
228687,50716
228687,56714
228687,61364
228687,63510
228729,1304
228729,1370
228729,1372
228729,10652
228729,11262
228729,30500
228729,34092
228729,35732
228729,39186
228729,50716
228729,50718
228729,52918
228729,56714
228729,57414
228729,59822
228729,61542
228729,61558
228729,61560
228729,63188
228729,63510
228741,1304
228741,1370
228741,11262
228741,30500
228741,53046
228741,61542
228741,62074
228753,1304
228753,1370
228753,11262
228753,61542
228948,60
228948,1304
228948,1372
228948,35846
228948,42132
228948,54096
228948,59816
228948,59822
228948,61364
228948,61542
228948,61552
228948,63186
228948,63188
229263,1370
229263,11262
229263,30500
229263,49888
229263,61280
229263,62376
229341,1304
229341,11262
229341,30500
229341,33886
229341,49888
229341,50716
229341,50718
229341,55798
229341,56696
229341,56714
229341,57414
229341,59822
229341,61542
229341,61558
229341,62074
229341,63218
229473,1304
229473,1370
229473,1372
229473,10652
229473,11262
229473,30500
229473,34092
229473,35732
229473,39186
229473,49888
229473,50716
229473,52918
229473,53160
229473,56714
229473,57414
229473,59822
229473,61280
229473,61542
229473,62170
229473,62274
229473,63188
229473,63360
229473,63510
229521,1304
229521,1370
229521,10652
229521,11262
229521,30500
229521,34092
229521,35732
229521,39186
229521,44302
229521,46632
229521,50270
229521,50274
229521,50716
229521,50718
229521,51974
229521,53160
229521,53394
229521,54096
229521,54290
229521,56714
229521,57414
229521,57804
229521,59396
229521,59822
229521,61028
229521,61280
229521,61348
229521,61364
229521,61542
229521,61558
229521,62074
229521,62400
229521,62618
229521,62944
229521,63188
229521,63360
229521,63510
229527,1304
229527,1370
229527,1372
229527,10652
229527,11262
229527,30500
229527,33886
229527,34092
229527,35732
229527,39186
229527,42132
229527,44302
229527,50270
229527,50274
229527,50716
229527,53160
229527,54096
229527,56714
229527,57414
229527,57804
229527,59394
229527,59396
229527,59816
229527,61028
229527,61364
229527,61672
229527,62074
229527,62274
229527,62400
229527,62944
229527,63186
229527,63188
229527,63218
229527,63360
229536,1370
229536,10652
229536,11262
229536,30500
229536,39186
229536,50720
229536,53046
229536,57414
229536,59396
229536,63188
229539,30500
229539,33886
229539,34092
229539,39186
229539,50270
229539,50274
229539,50718
229539,56714
229539,59396
229539,61028
229539,61280
229539,62400
229539,62618
229539,63418
229620,1304
229620,11262
229620,30500
229620,33886
229620,35732
229620,50716
229620,54096
229620,57414
229620,59394
229620,59822
229620,61542
229620,63510
229737,1304
229737,1370
229737,10652
229737,11262
229737,16358
229737,35846
229737,61542
229737,61672
229737,62074
229812,1304
229812,1370
229812,11262
229812,61542
229977,1304
229977,1370
229977,1372
229977,10652
229977,10808
229977,11262
229977,33886
229977,39186
229977,50716
229977,56714
229977,57414
229977,61364
229977,63188
229977,63510
230010,1304
230010,1370
230010,1372
230010,10652
230010,11262
230010,16358
230010,30500
230010,33534
230010,39186
230010,56714
230010,57414
230010,61028
230010,61542
230010,63188
230028,1304
230028,1370
230028,1372
230028,10652
230028,11262
230028,30500
230028,33886
230028,35732
230028,39186
230028,44302
230028,50716
230028,56696
230028,56714
230028,57414
230028,59396
230028,61028
230028,61364
230028,61542
230028,62074
230028,62944
230028,63188
230028,63510
230073,1304
230073,1370
230073,1372
230073,10652
230073,11262
230073,30500
230073,33886
230073,35732
230073,39186
230073,44302
230073,50270
230073,50716
230073,54096
230073,56714
230073,57414
230073,61364
230073,61542
230073,61672
230073,62944
230073,63188
230073,63510
230091,1304
230091,1370
230091,1372
230091,10652
230091,11262
230091,30500
230091,35732
230091,39186
230091,44302
230091,50270
230091,50272
230091,50274
230091,50716
230091,50718
230091,54096
230091,56714
230091,57414
230091,59394
230091,59396
230091,61028
230091,61348
230091,61364
230091,61542
230091,61558
230091,61560
230091,61672
230091,62376
230091,62944
230091,63188
230091,63510
230178,1304
230178,1370
230178,1372
230178,10652
230178,11262
230178,33886
230178,35732
230178,39186
230178,49888
230178,50716
230178,56714
230178,57414
230178,59822
230178,61280
230178,61364
230178,61542
230178,62376
230178,63188
230178,63220
230178,63510
230286,1304
230286,1370
230286,1372
230286,3382
230286,10652
230286,11262
230286,30500
230286,33886
230286,35732
230286,39186
230286,50274
230286,50716
230286,52918
230286,53160
230286,56714
230286,57414
230286,59396
230286,61028
230286,61364
230286,61542
230286,61672
230286,62074
230286,62944
230286,63188
230286,63510
230286,63538
230331,124
230331,1304
230331,1370
230331,1372
230331,10652
230331,11262
230331,33886
230331,48574
230331,50716
230331,56714
230331,57414
230331,59822
230331,61672
230331,62170
230331,62376
230331,63188
230331,63510
230604,1304
230604,1370
230604,11262
230604,30500
230604,53160
230604,56714
230604,61542
230604,63510
231057,1304
231057,1370
231057,1372
231057,10652
231057,11262
231057,30500
231057,32496
231057,33886
231057,35732
231057,36720
231057,39186
231057,44302
231057,50270
231057,50274
231057,50716
231057,52918
231057,54096
231057,56714
231057,57414
231057,57804
231057,59396
231057,59822
231057,61028
231057,61280
231057,61364
231057,61542
231057,61558
231057,61560
231057,62074
231057,62276
231057,62400
231057,62944
231057,63188
231057,63218
231096,1304
231096,1370
231096,11262
231096,61542
231102,124
231102,1304
231102,1370
231102,1372
231102,10652
231102,11262
231102,30500
231102,33886
231102,35732
231102,39186
231102,49888
231102,50716
231102,50718
231102,54096
231102,56714
231102,57414
231102,59822
231102,61364
231102,61542
231102,62074
231102,62170
231102,63510
231144,1304
231144,10652
231144,11262
231144,30500
231144,34092
231144,35732
231144,49888
231144,50716
231144,53160
231144,56714
231144,57414
231144,61280
231144,61672
231144,62274
231144,62944
231144,63188
231144,63218
231144,63220
231144,63360
231144,63510
231162,1304
231162,1370
231162,1372
231162,11262
231162,30500
231162,33886
231162,35732
231162,50716
231162,56714
231162,57414
231162,61364
231162,61542
231225,1304
231225,1370
231225,1372
231225,11262
231225,30500
231225,33886
231225,48574
231225,50716
231225,56714
231225,57414
231225,61364
231225,62074
231225,62170
231225,63188
231282,1304
231282,1370
231282,11262
231282,30500
231282,50716
231282,56714
231282,57414
231282,61542
231282,62944
231282,63510
231414,1370
231459,1304
231459,1370
231459,11262
231459,16358
231459,30500
231459,35846
231459,50718
231459,56714
231459,59822
231459,61542
231663,1370
231663,10652
231663,11262
231663,33886
231663,48574
231663,50716
231663,56714
231663,57414
231663,61672
231663,63510
231708,1304
231708,1370
231708,11262
231708,30500
231708,35732
231708,56714
231708,57414
231708,61542
231708,62074
231708,63188
231708,63360
231708,63510
231876,1304
231876,1370
231876,11262
231876,16358
231876,30500
231876,33886
231876,35732
231876,39186
231876,44302
231876,50716
231876,53046
231876,56714
231876,57414
231876,61028
231876,63510
231900,1304
231900,1370
231900,1372
231900,10652
231900,11262
231900,35732
231900,39186
231900,56696
231900,57414
231900,59822
231900,61364
231900,61542
231900,62074
231900,63188
231909,1370
231909,1372
231909,11262
231909,30500
231909,54096
231909,57414
231909,59394
231909,61364
232029,1304
232029,1370
232029,1372
232029,11262
232029,30500
232029,34092
232029,35732
232029,39186
232029,56696
232029,56714
232029,57414
232029,59822
232029,61364
232029,61542
232029,61558
232029,63188
232035,1304
232035,1370
232035,1372
232035,10652
232035,11262
232035,30500
232035,33886
232035,35732
232035,39186
232035,44302
232035,50716
232035,50718
232035,50720
232035,53406
232035,56714
232035,57414
232035,59822
232035,61280
232035,61364
232035,61542
232035,61672
232035,62274
232035,62376
232035,62400
232035,63136
232035,63188
232035,63510
232065,60
232065,124
232065,1304
232065,1370
232065,1372
232065,3382
232065,10652
232065,10808
232065,11262
232065,11490
232065,16358
232065,30500
232065,32496
232065,34092
232065,35732
232065,35846
232065,36720
232065,39186
232065,42132
232065,44302
232065,46632
232065,48298
232065,48980
232065,50270
232065,50272
232065,50274
232065,50716
232065,51974
232065,53160
232065,53386
232065,53394
232065,53406
232065,54096
232065,54290
232065,54864
232065,56714
232065,57414
232065,57804
232065,59394
232065,59396
232065,59816
232065,59822
232065,61028
232065,61280
232065,61348
232065,61364
232065,61542
232065,61672
232065,62074
232065,62376
232065,62400
232065,62616
232065,62944
232065,63136
232065,63186
232065,63188
232065,63218
232065,63360
232065,63510
232068,1304
232068,1370
232068,1372
232068,10652
232068,11262
232068,30500
232068,33886
232068,35732
232068,39186
232068,44302
232068,50716
232068,50718
232068,54096
232068,56714
232068,57414
232068,59822
232068,61364
232068,61542
232068,61672
232068,62170
232068,62376
232068,62944
232068,63188
232068,63220
232068,63510
232266,60
232269,1304
232269,1370
232269,1372
232269,10652
232269,11262
232269,30500
232269,33886
232269,34092
232269,35732
232269,49888
232269,50270
232269,50716
232269,56714
232269,57414
232269,59396
232269,61542
232269,62074
232269,62170
232269,62944
232269,63188
232269,63418
232269,63510
232404,1304
232404,1370
232404,10652
232404,11262
232404,30500
232404,35732
232404,44302
232404,50716
232404,56714
232404,57414
232404,61542
232404,62074
232404,62944
232404,63510
232410,1304
232410,1370
232410,1372
232410,10652
232410,11262
232410,30500
232410,33886
232410,34092
232410,35732
232410,39186
232410,49888
232410,50270
232410,50716
232410,50718
232410,51974
232410,54096
232410,56696
232410,56714
232410,57414
232410,61348
232410,61364
232410,61542
232410,61558
232410,62074
232410,63188
232410,63220
232410,63360
232410,63510
232452,1304
232452,1370
232452,11262
232452,35732
232452,35846
232452,50718
232452,54096
232452,57414
232452,61542
232452,63188
232452,63418
232455,124
232455,1304
232455,1370
232455,1372
232455,10652
232455,11262
232455,16358
232455,30500
232455,33534
232455,33886
232455,34092
232455,35732
232455,35846
232455,39186
232455,44302
232455,50270
232455,50716
232455,50718
232455,53160
232455,54096
232455,56714
232455,57414
232455,57804
232455,59396
232455,61280
232455,61672
232455,62074
232455,62944
232455,63136
232455,63188
232455,63510
232503,1372
232503,56714
232503,61364
232614,1304
232614,1370
232614,11262
232614,33886
232614,34092
232614,56714
232614,59822
232614,61542
232614,63188
232656,1304
232656,1370
232656,11262
232656,56714
232656,57414
232656,61542
232656,63188
232665,1304
232665,1370
232665,1372
232665,11262
232665,33886
232665,61364
232665,61542
232788,1304
232788,1370
232788,11262
232788,61542
232827,1304
232827,1370
232827,1372
232827,10652
232827,11262
232827,30500
232827,35732
232827,39186
232827,44302
232827,50716
232827,50718
232827,56696
232827,56714
232827,57414
232827,59822
232827,61280
232827,61364
232827,61542
232827,61558
232827,62074
232827,62376
232827,62944
232827,63188
232827,63510
233040,1370
233040,1372
233040,63188
233091,1304
233091,1370
233091,1372
233091,10652
233091,11262
233091,33886
233091,34092
233091,35732
233091,50716
233091,50720
233091,56714
233091,57414
233091,59822
233091,61542
233091,61560
233091,62170
233091,63188
233091,63510
233163,11262
233163,32496
233163,33886
233163,35732
233163,50268
233163,50270
233163,61280
233163,63510
233427,1370
233427,57414
233559,1304
233559,1370
233559,1372
233559,33886
233559,35732
233559,39186
233559,56714
233559,63188
233814,11262
233814,30500
233961,1304
233961,1370
233961,10652
233961,11262
233961,33534
233961,35732
233961,56714
233961,59822
233961,61542
233970,1304
233970,1370
233970,1372
233970,10652
233970,11262
233970,30500
233970,33886
233970,35732
233970,39186
233970,50716
233970,56714
233970,57414
233970,61542
233970,61558
233970,61560
233970,62074
233970,63188
233970,63510
234018,1304
234018,1370
234018,1372
234018,10652
234018,11262
234018,30500
234018,33886
234018,35732
234018,50716
234018,50718
234018,56696
234018,61542
234018,61558
234018,61560
234018,63188
234018,63510
234021,1304
234021,1370
234021,11262
234021,30500
234021,33886
234021,35732
234021,48298
234021,50716
234021,53160
234021,53386
234021,56714
234021,57414
234021,59396
234021,59822
234021,61280
234021,61542
234021,61558
234021,62074
234021,62274
234021,62860
234021,62944
234021,63220
234021,63510
234030,1304
234030,1370
234030,11262
234030,30500
234030,33886
234030,57414
234030,59822
234030,61542
234093,1304
234093,1370
234093,10652
234093,11262
234093,30500
234093,33886
234093,34092
234093,35732
234093,39186
234093,44302
234093,49888
234093,50268
234093,50270
234093,50274
234093,50716
234093,56714
234093,57414
234093,59396
234093,59822
234093,61542
234093,61672
234093,62074
234093,62170
234093,62274
234093,62376
234093,62378
234093,62944
234093,63188
234093,63218
234093,63360
234093,63510
234120,1304
234120,1370
234120,11262
234120,56714
234120,61542
234129,10652
234129,11262
234129,39186
234129,56714
234156,1304
234156,1370
234156,11262
234156,30500
234156,33886
234156,35732
234156,39186
234156,50716
234156,56714
234156,57414
234156,61542
234156,62074
234156,62944
234156,63418
234156,63510
234297,1304
234297,1370
234297,1372
234297,10652
234297,11262
234297,30500
234297,33886
234297,35732
234297,39186
234297,44302
234297,50274
234297,50716
234297,53160
234297,54096
234297,56714
234297,57414
234297,59396
234297,61028
234297,61280
234297,61542
234297,62944
234297,63136
234297,63188
234297,63218
234297,63360
234297,63510
234555,1370
234555,11262
234555,33886
234555,49888
234555,50716
234555,56714
234555,62074
234555,62860
234555,63510
234864,1370
234864,1372
234864,10652
234864,11262
234864,30500
234864,33534
234864,33886
234864,39186
234864,44302
234864,50716
234864,51974
234864,54290
234864,56714
234864,57414
234864,62944
234951,10808
234951,50274
234951,56714
234951,57414
234972,1304
234972,1370
234972,1372
234972,11262
234972,16358
234972,30500
234972,33534
234972,33886
234972,35732
234972,35846
234972,49888
234972,50718
234972,56696
234972,59816
234972,59822
234972,61364
234972,61542
234972,61558
234972,61560
234972,62074
234972,62376
234972,63188
235191,1304
235191,1370
235191,1372
235191,10652
235191,11262
235191,30500
235191,33886
235191,35732
235191,49888
235191,50716
235191,50718
235191,56484
235191,56714
235191,57414
235191,61542
235191,61560
235299,1304
235299,1370
235299,1372
235299,10652
235299,11262
235299,30500
235299,39186
235299,48574
235299,50716
235299,56696
235299,56714
235299,57414
235299,61364
235299,61542
235299,62074
235299,62170
235299,62944
235299,63188
235299,63360
235335,124
235335,10652
235335,11262
235335,30500
235335,33886
235335,39186
235335,44302
235335,50274
235335,50716
235335,50718
235335,53160
235335,54096
235335,60522
235335,61280
235335,61348
235335,61672
235335,62944
235335,63136
235335,63360
235335,63510
235380,1304
235380,11262
235380,30500
235380,56714
235380,57414
235458,1370
235458,1372
235458,11262
235458,30500
235458,50274
235458,56714
235458,61364
235458,61542
235458,63188
235458,63510
235842,1304
235842,1370
235842,11262
235842,33886
235932,1304
235932,1370
235932,1372
235932,11262
235932,33886
235932,48574
235932,56696
235932,56714
235932,61542
235932,63188
236115,1304
236115,1370
236115,11262
236115,11490
236115,30500
236115,35732
236115,39186
236115,42132
236115,44302
236115,50716
236115,50718
236115,56714
236115,57414
236115,59394
236115,59396
236115,61028
236115,61280
236115,61542
236115,61672
236115,62944
236115,63136
236115,63186
236115,63218
236115,63510
236226,1304
236226,1370
236226,1372
236226,10652
236226,11262
236226,30500
236226,32496
236226,35732
236226,39186
236226,44302
236226,50270
236226,50272
236226,50274
236226,50716
236226,53160
236226,56714
236226,57414
236226,57804
236226,59396
236226,59822
236226,61028
236226,61280
236226,61364
236226,61542
236226,61558
236226,61560
236226,62170
236226,62400
236226,62944
236226,63188
236226,63218
236226,63360
236226,63418
236226,63510
236490,1304
236490,1370
236490,35732
236490,35846
236490,56714
236490,57414
236490,61542
236520,60
236520,10808
236520,32496
236520,36720
236520,36722
236520,36762
236520,50270
236520,50272
236520,50274
236520,51316
236520,56714
236520,57804
236520,59394
236655,1304
236655,1370
236655,1372
236655,10652
236655,11262
236655,30500
236655,33886
236655,35732
236655,39186
236655,48574
236655,50716
236655,56696
236655,56714
236655,59822
236655,61028
236655,61364
236655,61542
236655,61558
236655,61560
236655,61672
236655,62400
236655,63188
236655,63510
236766,1304
236766,1370
236766,1372
236766,11262
236766,16358
236766,35732
236766,56714
236766,61364
236766,61542
236766,63188
236775,1304
236775,1370
236775,10652
236775,11262
236775,16358
236775,30500
236775,56714
236775,57414
236775,61542
236775,62170
236775,63188
236775,63510
236973,1304
236973,1370
236973,11262
237057,1304
237057,1370
237057,1372
237057,10652
237057,11262
237057,39186
237057,57414
237057,59822
237057,63188
237195,1304
237195,1370
237195,1372
237195,11262
237195,33886
237195,50718
237195,57414
237195,61364
237195,61542
237195,62074
237195,63188
237252,124
237252,1304
237252,1370
237252,10652
237252,11262
237252,33886
237252,35732
237252,50716
237252,50718
237252,56714
237252,57414
237252,61542
237252,63510
237300,124
237300,1304
237300,1370
237300,1372
237300,3382
237300,10652
237300,11262
237300,32496
237300,33886
237300,35732
237300,49888
237300,50716
237300,50718
237300,50970
237300,56696
237300,57414
237300,59822
237300,61364
237300,61542
237300,61558
237300,61560
237300,62074
237300,62170
237300,62376
237300,63188
237300,63510
237675,1370
237675,1372
237675,35732
237675,61560
237765,1304
237765,11262
237765,56714
237765,57414
237765,61542
237804,1304
237804,1370
237804,1372
237804,11262
237804,30500
237804,34092
237804,50716
237804,50718
237804,53160
237804,54096
237804,56714
237804,57414
237804,57804
237804,59822
237804,61364
237804,61542
237804,61558
237804,62074
237804,62860
237804,63188
237804,63540
237840,1304
237840,1370
237840,10652
237840,36720
237840,49888
237840,50716
237840,59394
237840,61280
237840,63510
238032,124
238032,1304
238032,1370
238032,3382
238032,10652
238032,11262
238032,30500
238032,32496
238032,33886
238032,34092
238032,35732
238032,39186
238032,44302
238032,48574
238032,50274
238032,50716
238032,50718
238032,50720
238032,52918
238032,53160
238032,54096
238032,56714
238032,57414
238032,59394
238032,59396
238032,61280
238032,61348
238032,61542
238032,62074
238032,62274
238032,62944
238032,63418
238032,63510
238068,1304
238068,1370
238068,1372
238068,10652
238068,11262
238068,30500
238068,33886
238068,35732
238068,39186
238068,56714
238068,61364
238068,61542
238068,62074
238068,62944
238068,63188
238218,1304
238218,1370
238218,1372
238218,10652
238218,11262
238218,30500
238218,35732
238218,50716
238218,56714
238218,57414
238218,63360
238263,1304
238263,1370
238263,10652
238263,11262
238263,30500
238263,33886
238263,34092
238263,39186
238263,44302
238263,50716
238263,56696
238263,56714
238263,57414
238263,59822
238263,61542
238263,62074
238263,62944
238263,63510
238293,124
238293,1304
238293,1370
238293,1372
238293,10652
238293,11262
238293,30500
238293,32496
238293,33886
238293,34092
238293,35732
238293,39186
238293,42132
238293,44302
238293,48298
238293,48980
238293,50270
238293,50272
238293,50274
238293,50716
238293,50718
238293,52918
238293,53160
238293,53386
238293,53406
238293,54096
238293,54290
238293,56714
238293,57414
238293,57804
238293,59396
238293,59822
238293,61280
238293,61364
238293,61542
238293,61558
238293,61560
238293,61672
238293,62074
238293,62274
238293,62400
238293,62944
238293,63136
238293,63188
238293,63360
238293,63510
238377,1304
238377,11262
238377,30500
238377,33534
238377,33886
238377,35732
238377,39186
238377,50270
238377,50716
238377,55798
238377,56714
238377,57414
238377,59396
238377,59822
238377,61028
238377,61542
238377,62074
238377,62944
238377,63510
238536,1304
238536,1370
238536,1372
238536,10652
238536,11262
238536,30500
238536,33886
238536,57414
238536,61364
238536,62074
238536,63188
238572,1304
238572,1370
238572,1372
238572,11262
238572,33886
238572,35732
238572,50716
238572,50718
238572,56714
238572,61542
238572,62074
238572,63188
238572,63510
238608,1304
238608,1370
238608,11262
238608,30500
238608,32496
238608,35732
238608,50716
238608,50720
238608,52918
238608,53256
238608,56714
238608,57414
238608,59822
238608,61542
238608,62074
238608,62376
238608,63510
238611,1370
238611,10652
238611,11262
238611,56696
238689,1304
238689,1370
238689,56714
238689,57414
238689,61542
238827,1304
238827,1370
238827,1372
238827,11262
238827,33886
238827,35732
238827,39186
238827,49888
238827,50716
238827,54096
238827,56714
238827,59822
238827,61542
238827,62170
238827,63188
238875,124
238875,1304
238875,1370
238875,1372
238875,11262
238875,34092
238875,35732
238875,56714
238875,57414
238875,61542
238875,63188
238878,1304
238878,1370
238878,1372
238878,10652
238878,11262
238878,30500
238878,35732
238878,50716
238878,50718
238878,50720
238878,52918
238878,54096
238878,57414
238878,59822
238878,61364
238878,62074
238878,63188
238878,63510
238878,63540
238887,1304
238887,1370
238887,1372
238887,10652
238887,11262
238887,34092
238887,56714
238887,57414
238887,61364
238887,61542
238887,63188
239115,1304
239115,1370
239115,61542
239217,1304
239217,1370
239217,1372
239217,11262
239217,33886
239217,50716
239217,50718
239217,57414
239217,63188
239217,63538
239247,1304
239247,1370
239247,11262
239247,30500
239247,33886
239247,39186
239247,53160
239247,56714
239247,57414
239247,59822
239247,61542
239247,62074
239247,63360
239508,1370
239508,1372
239508,11262
239508,30500
239508,35732
239508,35846
239508,39186
239508,50716
239508,61280
239508,61364
239508,63188
239556,1304
239556,1370
239556,10652
239556,11262
239556,30500
239556,39186
239556,50718
239556,53160
239556,56714
239556,57414
239556,61542
239556,62376
239556,63360
239556,63510
239577,1304
239577,1370
239577,1372
239577,11262
239577,30500
239577,35732
239577,44302
239577,56714
239577,57414
239577,59822
239577,61280
239577,61364
239577,61542
239577,63188
239592,62274
240852,1304
240852,1370
240852,11262
240852,16358
240852,61542
240912,1304
240912,1370
240912,11262
240912,56714
240918,1370
240924,11262
240939,1304
240939,1372
240939,11262
240939,30500
240939,33886
240939,44302
240939,50716
240939,56714
240939,57414
240939,61542
240990,1304
240990,1370
240990,10652
240990,11262
240990,16358
240990,30500
240990,33886
240990,35732
240990,44302
240990,50716
240990,50718
240990,56696
240990,56714
240990,57414
240990,61542
240990,63510
241026,1304
241026,11262
241026,33886
241026,50716
241026,56714
241026,61542
241026,62074
241026,63510
241203,1304
241203,1372
241203,11262
241203,56714
241203,57414
241203,59822
241203,61542
241203,62170
241203,63188
241218,36720
241218,50274
241218,56714
241263,1304
241263,1370
241263,1372
241263,10652
241263,11262
241263,35732
241263,49888
241263,59822
241263,63188
241305,1304
241305,1370
241305,1372
241305,10652
241305,11262
241305,30500
241305,33886
241305,39186
241305,44302
241305,50274
241305,50716
241305,54096
241305,56696
241305,56714
241305,57414
241305,59396
241305,61364
241305,61542
241305,61672
241305,62944
241305,63188
241305,63510
241329,1304
241329,1370
241329,11262
241329,57414
241329,61542
241329,62074
241329,62376
241350,1304
241350,11262
241350,30500
241350,33886
241389,1304
241389,1370
241389,1372
241389,10652
241389,11262
241389,30500
241389,50716
241389,57414
241389,59822
241389,61542
241389,63510
241824,1304
241824,1370
241824,11262
241824,30500
241824,33886
241824,48574
241824,50716
241824,50718
241824,56696
241824,56714
241824,59396
241824,59822
241824,61542
241824,62074
241824,62376
241824,62944
241824,63418
241824,63510
242130,60
242130,10808
242130,50274
242130,56714
242130,57804
242151,1304
242151,1370
242151,1372
242151,11262
242151,30500
242151,33886
242151,35732
242151,39186
242151,42132
242151,49888
242151,50716
242151,53160
242151,56714
242151,57414
242151,59816
242151,59822
242151,61028
242151,61280
242151,61364
242151,61542
242151,61560
242151,62074
242151,62274
242151,62376
242151,62944
242151,63188
242151,63510
242232,1304
242232,1372
242232,10652
242232,11262
242232,30500
242232,33886
242232,35732
242232,35846
242232,39186
242232,44302
242232,50274
242232,50716
242232,50718
242232,54096
242232,55798
242232,56714
242232,57414
242232,57804
242232,59822
242232,61364
242232,61542
242232,62074
242232,62170
242232,62274
242232,62944
242232,63186
242232,63188
242232,63418
242232,63510
242388,124
242388,10652
242388,11262
242388,30500
242388,33534
242388,33886
242388,34092
242388,39186
242388,42132
242388,44302
242388,50270
242388,50272
242388,50716
242388,56714
242388,59394
242388,59396
242388,59816
242388,60522
242388,61280
242388,61348
242388,61672
242388,62400
242388,62944
242388,63136
242388,63186
242388,63218
242388,63360
242388,63510
242409,1304
242409,1370
242409,10652
242409,11262
242409,30500
242409,33886
242409,35732
242409,39186
242409,50716
242409,56714
242409,57414
242409,59822
242409,61364
242409,61542
242409,61672
242409,62074
242409,62170
242409,62376
242409,62378
242409,63188
242409,63510
242412,1304
242412,1372
242412,11262
242412,30500
242412,33886
242412,39186
242412,50716
242412,50718
242412,56714
242412,57414
242412,59396
242412,61364
242412,61542
242412,62074
242412,62944
242412,63188
242412,63510
242415,1304
242415,1370
242415,11262
242415,35732
242415,56714
242415,63510
242430,1370
242430,11490
242430,35846
242430,50968
242430,61364
242430,61552
242430,63360
242439,1304
242439,1370
242439,1372
242439,10652
242439,11262
242439,33886
242439,35732
242439,49888
242439,53160
242439,54096
242439,56714
242439,57414
242439,59822
242439,61280
242439,61364
242439,61542
242439,61558
242439,62074
242439,63188
242439,63418
242439,63510
242439,63540
242442,124
242442,1304
242442,1370
242442,1372
242442,3382
242442,10652
242442,11262
242442,30500
242442,33886
242442,34092
242442,35732
242442,36720
242442,36762
242442,39186
242442,44302
242442,48980
242442,50270
242442,50272
242442,50274
242442,50716
242442,50718
242442,51974
242442,52918
242442,53046
242442,53048
242442,54096
242442,56714
242442,57414
242442,57804
242442,59394
242442,59396
242442,59822
242442,61028
242442,61280
242442,61348
242442,61364
242442,61540
242442,61542
242442,61560
242442,61672
242442,62376
242442,62400
242442,62618
242442,62944
242442,63136
242442,63186
242442,63188
242442,63218
242442,63360
242442,63418
242442,63510
242505,1304
242505,1370
242505,11262
242505,35732
242505,56714
242505,59822
242505,61542
242556,1304
242556,1370
242556,11262
242556,30500
242556,33886
242556,34092
242556,49888
242556,50716
242556,50718
242556,53160
242556,56714
242556,57414
242556,59822
242556,61542
242556,62376
242556,63418
242556,63510
242571,1304
242571,11262
242571,30500
242571,33886
242571,50716
242571,56696
242571,61542
242571,62074
242610,60
242610,10808
242610,50270
242610,53406
242610,57804
242610,59396
242610,59816
242610,61280
242610,61348
242610,62618
242610,63136
242619,1304
242619,1370
242619,10652
242619,11262
242619,30500
242619,33886
242619,49888
242619,50716
242619,56696
242619,56714
242619,57414
242619,61542
242619,63418
242856,1304
242856,1370
242856,1372
242856,10652
242856,11262
242856,16358
242856,30500
242856,33886
242856,39186
242856,48980
242856,50274
242856,50716
242856,50718
242856,56714
242856,57414
242856,61364
242856,61542
242856,62074
242856,63186
242856,63188
242856,63418
242856,63510
243081,30500
243390,11262
243390,30500
243390,49888
243390,56714
243408,1304
243408,1370
243408,10652
243408,10808
243408,11262
243408,33886
243408,34092
243408,50718
243408,56714
243408,59822
243408,61542
243408,62376
243477,1304
243477,1370
243477,1372
243477,33886
243477,61364
243477,61542
243477,62376
243477,63188
243546,1304
243546,1370
243546,10652
243546,11262
243546,30500
243546,33886
243546,44302
243546,50270
243546,56714
243546,59396
243546,59822
243546,61542
243546,62376
243789,1304
243789,1370
243789,11262
243789,30500
243789,35732
243789,39186
243789,44302
243789,49888
243789,50716
243789,50718
243789,56714
243789,57414
243789,59396
243789,61542
243789,61558
243789,62074
243789,62378
243789,62944
243789,63510
243927,1304
243927,1370
243927,1372
243927,10652
243927,11262
243927,30500
243927,33886
243927,35732
243927,39186
243927,44302
243927,49888
243927,50274
243927,50716
243927,54096
243927,56696
243927,56714
243927,57414
243927,57804
243927,59396
243927,59822
243927,61280
243927,61364
243927,61542
243927,62170
243927,62944
243927,63188
243927,63218
243927,63360
243927,63510
243954,1304
243954,1370
243954,11262
243954,62074
243981,1304
243981,1370
243981,1372
243981,61364
243981,61542
244005,1304
244005,1370
244005,1372
244005,10652
244005,11262
244005,16358
244005,30500
244005,33886
244005,34092
244005,36720
244005,39186
244005,42132
244005,44302
244005,48298
244005,50718
244005,54096
244005,55798
244005,56714
244005,57414
244005,57804
244005,59822
244005,61280
244005,62170
244005,62274
244005,62376
244005,63186
244005,63188
244005,63510
244041,1304
244041,1370
244041,1372
244041,10652
244041,11262
244041,30500
244041,34092
244041,35732
244041,39186
244041,50716
244041,50718
244041,56714
244041,57414
244041,59822
244041,61364
244041,61542
244041,62170
244041,63188
244041,63360
244065,1304
244065,1370
244065,1372
244065,10652
244065,11262
244065,30500
244065,33886
244065,35732
244065,39186
244065,56714
244065,57414
244065,59396
244065,61364
244065,61542
244092,1370
244092,50716
244092,62170
244158,1304
244158,1370
244158,1372
244158,30500
244158,34092
244158,49888
244158,50716
244158,56714
244158,57414
244158,63188
244173,1304
244173,1372
244173,10652
244173,11262
244173,11490
244173,30500
244173,34092
244173,35732
244173,50718
244173,53046
244173,56696
244173,59822
244173,61558
244173,62170
244173,62376
244173,63188
244278,1304
244278,1370
244278,1372
244278,10652
244278,11262
244278,30500
244278,33886
244278,34092
244278,35732
244278,44302
244278,49888
244278,50716
244278,50718
244278,53160
244278,53394
244278,56696
244278,56714
244278,57414
244278,59822
244278,61280
244278,61542
244278,61558
244278,62170
244278,62274
244278,62376
244278,62378
244278,62616
244278,63188
244278,63510
244287,1304
244287,1370
244287,1372
244287,10652
244287,11262
244287,30500
244287,32496
244287,33886
244287,35732
244287,39186
244287,44302
244287,50270
244287,50716
244287,53160
244287,54096
244287,54290
244287,56714
244287,57414
244287,57804
244287,59396
244287,61280
244287,61542
244287,61672
244287,62074
244287,62400
244287,62944
244287,63136
244287,63188
244287,63360
244287,63418
244287,63510
244380,1304
244380,10652
244380,11262
244380,30500
244380,35732
244380,39186
244380,44302
244380,50716
244380,50718
244380,52918
244380,53160
244380,54096
244380,56714
244380,57414
244380,59822
244380,61542
244380,62074
244380,63136
244380,63188
244380,63360
244380,63510
244404,1304
244404,1370
244404,1372
244404,10652
244404,30500
244404,33886
244404,35732
244404,39186
244404,44302
244404,50274
244404,54096
244404,56696
244404,56714
244404,57414
244404,57804
244404,59822
244404,61280
244404,61540
244404,62074
244404,62944
244404,63136
244404,63188
244404,63360
244446,1304
244446,1370
244446,1372
244446,11262
244446,33886
244446,39186
244446,50716
244446,57414
244446,61364
244446,61542
244446,62074
244446,63188
244446,63510
244479,1304
244479,1372
244479,39186
244479,50716
244479,57414
244479,61542
244479,63188
244479,63510
244575,1304
244575,1370
244575,10652
244575,11262
244575,56714
244575,59822
244644,11262
244644,35732
244644,57414
244644,61280
244680,1304
244680,1370
244680,1372
244680,10652
244680,11262
244680,16358
244680,30500
244680,33886
244680,34092
244680,35732
244680,35846
244680,39186
244680,44302
244680,48574
244680,50274
244680,50716
244680,50718
244680,56714
244680,57414
244680,61280
244680,61364
244680,61542
244680,62074
244680,63186
244680,63188
244680,63510
244680,63538
244731,124
244731,1304
244731,1370
244731,1372
244731,3382
244731,10652
244731,10808
244731,11262
244731,11490
244731,16358
244731,30500
244731,32496
244731,33534
244731,33886
244731,34092
244731,35732
244731,36720
244731,39186
244731,42132
244731,44302
244731,48298
244731,48574
244731,48980
244731,50270
244731,50272
244731,50274
244731,50716
244731,50720
244731,51974
244731,52918
244731,53160
244731,53386
244731,53406
244731,54096
244731,54290
244731,54864
244731,56714
244731,57414
244731,57522
244731,57804
244731,59394
244731,59396
244731,59816
244731,60522
244731,61280
244731,61364
244731,61542
244731,61672
244731,62074
244731,62274
244731,62378
244731,62614
244731,62618
244731,62944
244731,63136
244731,63186
244731,63188
244731,63218
244731,63360
244731,63418
244731,63510
244866,1370
244866,56714
244869,1304
244869,1370
244869,30500
244869,50716
244869,50718
244869,62944
244869,63510
244878,1304
244878,11262
244878,30500
244878,33886
244878,50716
244878,50720
244878,53160
244878,53394
244878,56714
244878,59396
244878,59822
244878,61280
244878,61542
244878,62274
244971,30500
244971,39186
244971,44302
244971,50270
244971,50274
244971,50716
244971,50718
244971,56714
244971,59396
244971,62400
244971,62618
244971,63510
245046,1370
245046,11262
245046,30500
245046,33886
245046,57414
245046,59822
245046,62074
245154,1304
245154,1370
245154,10652
245154,11262
245154,30500
245154,34092
245154,35732
245154,36720
245154,44302
245154,50716
245154,50718
245154,56696
245154,56714
245154,57414
245154,62074
245154,62274
245631,1304
245631,1370
245631,1372
245631,10808
245631,11262
245631,30500
245631,33886
245631,34092
245631,39186
245631,50716
245631,50718
245631,56714
245631,57414
245631,61542
245631,62074
245631,63188
245631,63510
245706,1304
245706,1370
245868,60
245868,1372
245868,50274
245868,56714
245868,62274
245868,63188
245976,124
245976,1304
245976,1370
245976,10652
245976,11262
245976,33886
245976,35732
245976,39186
245976,50716
245976,57414
245976,62074
245976,63188
246033,54096
246042,33886
246042,34092
246054,1370
246054,10652
246054,11262
246054,33886
246054,50716
246054,56714
246054,63510
246099,1304
246099,1370
246099,1372
246099,11262
246099,30500
246099,33886
246099,39186
246099,50716
246099,56714
246099,57414
246099,63188
246099,63510
246150,1304
246150,1370
246150,1372
246150,10652
246150,10808
246150,11262
246150,30500
246150,35732
246150,39186
246150,50716
246150,50718
246150,53160
246150,54096
246150,56714
246150,57414
246150,59822
246150,62170
246150,62274
246150,63188
246150,63360
246150,63510
246216,1304
246216,10652
246216,11262
246216,30500
246216,35732
246216,50716
246216,56714
246216,57414
246339,1304
246339,1372
246339,33886
246339,50716
246339,50718
246339,57414
246339,59822
246339,62170
246339,63188
246618,1304
246618,11262
246618,30500
246618,34092
246618,35732
246618,35846
246618,39186
246618,49888
246618,50716
246618,52918
246618,56696
246618,56714
246618,59822
246618,61280
246618,62170
246618,62274
246627,124
246627,1304
246627,1370
246627,1372
246627,10652
246627,11262
246627,30500
246627,33886
246627,34092
246627,44302
246627,50716
246627,50718
246627,53160
246627,54096
246627,56714
246627,57414
246627,59396
246627,59822
246627,62074
246627,62170
246627,62378
246627,62944
246627,63188
246627,63218
246627,63510
246711,1370
246711,3382
246711,10652
246711,11262
246711,30500
246711,33886
246711,34092
246711,35732
246711,39186
246711,50274
246711,50718
246711,55798
246711,56714
246711,57414
246711,59822
246711,61280
246711,62074
246711,62170
246711,62378
246711,62944
246711,63188
246711,63360
246711,63510
246720,1304
246720,1370
246720,10652
246720,11262
246720,30500
246720,33886
246720,35732
246720,50716
246720,56714
246720,57414
246720,62944
246804,1304
246804,1370
246804,1372
246804,11262
246804,30500
246804,57414
246804,62074
246804,62376
246804,63188
246858,124
246858,10652
246858,11262
246858,30500
246858,33886
246858,35732
246858,50716
246858,53160
246858,56696
246858,62400
246858,63220
246858,63510
246870,1304
246870,61542
246915,1304
246915,1370
246915,10652
246915,11262
246915,35732
246915,62376
246963,1304
246963,1370
246963,1372
246963,3382
246963,10652
246963,10808
246963,11262
246963,16358
246963,30500
246963,32496
246963,33886
246963,34092
246963,35732
246963,36720
246963,39186
246963,44302
246963,48980
246963,50270
246963,50272
246963,50274
246963,50716
246963,50718
246963,51974
246963,53160
246963,53386
246963,54096
246963,54290
246963,56714
246963,57414
246963,57804
246963,59394
246963,59396
246963,61280
246963,61348
246963,62074
246963,62944
246963,63136
246963,63188
246963,63218
246963,63360
246963,63510
246987,11262
246987,30500
246987,63510
247002,10652
247002,11262
247002,30500
247002,33886
247002,39186
247002,44302
247002,50272
247002,50716
247002,50718
247002,57804
247002,59396
247002,61280
247002,62274
247002,62944
247002,63510
247029,1370
247134,1370
247134,1372
247134,11262
247134,16358
247134,50270
247134,50716
247239,1304
247239,1370
247239,10808
247239,30500
247239,34092
247239,48980
247239,50716
247239,50718
247239,55798
247239,56714
247239,57414
247239,63188
247260,10808
247260,49888
247260,56714
247260,57804
247260,62274
247374,1304
247374,1370
247374,1372
247374,10652
247374,11262
247374,34092
247374,35732
247374,50716
247374,56714
247374,57414
247374,62944
247374,63186
247374,63188
247548,1304
247548,1370
247548,11262
247548,50716
247548,56696
247548,59822
247548,62074
247632,1304
247632,1370
247632,1372
247632,10652
247632,11262
247632,30500
247632,33886
247632,35732
247632,39186
247632,49888
247632,50716
247632,50718
247632,54096
247632,57414
247632,62170
247632,63188
247632,63510
247878,1304
247878,1370
247878,11262
247878,35732
247878,56714
247956,1304
247956,1370
247956,1372
247956,10652
247956,11262
247956,30500
247956,35732
247956,35846
247956,50716
247956,50718
247956,56696
247956,56714
247956,57414
247956,63188
247962,124
247962,11262
247962,30500
247962,44302
247962,50270
247962,50272
247962,50716
247962,54096
247962,56714
247962,57804
247962,59396
247962,62944
247962,63510
247974,1304
247974,1370
247974,10652
247974,11262
247974,30500
247974,35732
247974,50716
247974,53046
247974,56714
247974,63510
247983,1304
247983,1372
247983,10652
247983,11262
247983,30500
247983,34092
247983,35846
247983,39186
247983,42132
247983,44302
247983,49888
247983,50274
247983,50716
247983,53160
247983,53394
247983,54096
247983,55798
247983,56696
247983,56714
247983,57414
247983,59396
247983,61540
247983,62074
247983,62274
247983,63186
247983,63188
247983,63360
247983,63418
247986,1304
247986,1370
247986,10652
247986,11262
247986,30500
247986,33886
247986,35732
247986,50716
247986,53160
247986,56714
247986,57414
247986,59396
247986,62074
247986,62170
247986,62944
247986,63188
247986,63218
247986,63418
247986,63510
247989,1304
247989,1370
247989,1372
247989,3382
247989,10652
247989,11262
247989,30500
247989,35732
247989,35846
247989,39186
247989,49888
247989,50716
247989,53160
247989,56714
247989,57414
247989,59822
247989,61280
247989,63188
247989,63510
248013,1304
248013,1370
248013,30500
248013,49888
248013,50716
248013,50718
248013,53160
248013,56714
248013,57414
248013,61348
248013,62074
248013,62274
248013,62944
248013,63510
248061,1304
248061,1370
248061,10652
248061,11262
248061,30500
248061,35732
248061,39186
248061,50716
248061,57414
248061,63188
248061,63510
248064,1304
248064,1370
248064,11262
248064,34092
248064,56714
248178,1304
248178,1370
248178,10652
248178,11262
248178,30500
248178,34092
248178,50716
248178,56714
248178,57414
248178,63188
248202,1304
248202,1370
248202,1372
248202,10652
248202,11262
248202,30500
248202,33886
248202,35732
248202,39186
248202,50718
248202,52918
248202,54096
248202,56714
248202,57414
248202,62074
248202,63188
248205,1304
248205,1370
248205,10652
248205,11262
248205,30500
248205,35732
248205,39186
248205,50270
248205,50716
248205,57414
248205,59396
248205,62944
248205,63188
248250,1304
248250,1370
248250,11262
248250,16358
248250,33886
248250,50716
248250,57414
248250,63510
248292,1304
248292,1370
248292,1372
248292,11262
248292,30500
248292,33886
248292,39186
248292,50716
248292,56696
248292,56714
248292,57414
248292,62170
248292,63510
248301,1304
248301,1370
248301,10652
248301,11262
248301,30500
248301,34092
248301,35732
248301,39186
248301,50716
248301,56714
248301,57414
248301,59822
248301,62170
248301,63188
248301,63510
248373,1304
248373,11262
248373,30500
248373,35732
248373,39186
248373,50716
248373,57414
248373,59396
248373,62274
248373,62944
248373,63510
248550,1370
248550,56696
248550,56714
248550,57414
248682,1370
248682,11262
248682,33886
248706,1304
248706,1370
248706,10652
248706,11262
248706,16358
248706,30500
248706,56714
248706,63510
248724,1370
248724,11262
248724,30500
248724,50716
248724,56714
248724,57414
248724,57804
248724,63510
248796,1304
248796,1370
248796,10652
248796,11262
248796,30500
248796,32496
248796,33886
248796,34092
248796,35732
248796,39186
248796,49888
248796,50716
248796,50720
248796,53160
248796,53386
248796,54096
248796,54290
248796,56714
248796,57414
248796,57804
248796,59396
248796,59822
248796,61280
248796,62170
248796,62944
248796,63186
248796,63188
248796,63218
248796,63418
248796,63510
248871,1304
248871,1370
248871,10652
248871,11262
248871,33886
249063,1304
249063,1370
249063,30500
249063,34092
249063,50718
249063,56714
249063,57414
249063,63188
249063,63220
249063,63360
249081,1304
249081,1370
249081,10652
249081,11262
249081,30500
249081,33886
249081,35732
249081,50716
249081,56714
249081,57414
249081,61280
249081,62074
249081,62274
249081,62944
249081,63188
249081,63218
249081,63360
249159,1370
249159,1372
249159,10652
249159,11262
249159,30500
249159,33886
249159,50718
249159,56714
249159,62170
249207,1304
249207,1370
249207,10652
249207,11262
249207,33886
249207,54096
249216,1304
249216,1370
249216,11262
249216,33886
249216,34092
249216,35732
249216,39186
249216,49888
249216,50716
249216,56714
249216,57414
249216,59822
249216,62074
249216,63186
249216,63188
249216,63418
249216,63510
249222,30500
249222,50718
249294,124
249294,1304
249294,1370
249294,10652
249294,11262
249294,30500
249294,33886
249294,35732
249294,39186
249294,49888
249294,50716
249294,50718
249294,54096
249294,63510
249297,124
249297,1304
249297,1370
249297,10652
249297,11262
249297,35732
249297,50716
249297,56696
249297,62074
249297,63188
249342,124
249342,1304
249342,1370
249342,3382
249342,10652
249342,10808
249342,11262
249342,11490
249342,16358
249342,30500
249342,32496
249342,33886
249342,35732
249342,35846
249342,36720
249342,39186
249342,42132
249342,44302
249342,44660
249342,48298
249342,49888
249342,50274
249342,50716
249342,50718
249342,52918
249342,53160
249342,54096
249342,54290
249342,56714
249342,57414
249342,57804
249342,59394
249342,59396
249342,61280
249342,61540
249342,62074
249342,62944
249342,63136
249342,63186
249342,63188
249342,63360
249342,63418
249342,63510
249411,11262
249411,30500
249411,39186
249411,50716
249411,54096
249486,1304
249486,1370
249486,11262
249486,30500
249486,33886
249486,39186
249486,42132
249486,50716
249486,50718
249486,56696
249486,56714
249486,57414
249486,59394
249486,62074
249486,63186
249486,63188
249486,63418
249486,63510
249513,1304
249513,1370
249513,11262
249513,33886
249513,34092
249513,56714
249513,57414
249513,63510
249567,1304
249567,1370
249567,10652
249567,11262
249567,30500
249567,50716
249567,56714
249567,57414
249567,61280
249567,62074
249567,62274
249567,63510
249573,36720
249573,57804
249579,1304
249579,1370
249633,1304
249633,1370
249633,10652
249633,11262
249633,16358
249633,30500
249633,33534
249633,33886
249633,34092
249633,35732
249633,35846
249633,39186
249633,44302
249633,49888
249633,50716
249633,52918
249633,55798
249633,56714
249633,57414
249633,59396
249633,63188
249633,63360
249633,63510
249633,63538
249687,1370
249687,1372
249687,11262
249687,30500
249687,33886
249687,50716
249687,56714
249687,57414
249687,62944
249687,63188
249687,63360
249687,63510
249795,1304
249795,1370
249795,11262
249795,30500
249795,39186
249795,50716
249795,50718
249795,59822
249795,63510
249843,1304
249843,11262
249843,57414
249855,1304
249855,11262
249855,33886
249855,56714
249855,59396
249930,1304
249930,1370
249930,1372
249930,10652
249930,11262
249930,33886
249930,34092
249930,35732
249930,39186
249930,44302
249930,50716
249930,56696
249930,56714
249930,57414
249930,59822
249930,62074
249930,62944
249930,63188
249930,63510
249981,1304
249981,1370
249981,11262
249981,11490
249981,30500
249981,32496
249981,33886
249981,34092
249981,35732
249981,50716
249981,50718
249981,56714
249981,57414
249981,61280
249981,61348
249981,62274
249981,62944
249981,63220
249981,63538
249981,63540
250020,1304
250020,1370
250020,10652
250020,11262
250020,16358
250020,30500
250020,33886
250020,35732
250020,49888
250020,50716
250020,56714
250020,57414
250020,59822
250020,61280
250020,62274
250020,62944
250020,63188
250020,63418
250020,63510
250221,1304
250221,1370
250221,11262
250221,16358
250221,30500
250221,33534
250221,33886
250221,34092
250221,35732
250221,36720
250221,50716
250221,50718
250221,52918
250221,53386
250221,56696
250221,56714
250221,57414
250221,62074
250221,63510
250275,1304
250275,11262
250275,33534
250275,33886
250275,35846
250275,49888
250275,56696
250275,56714
250275,57414
250275,62074
250275,62944
250275,63186
250275,63188
250284,61280
250284,63186
250344,1304
250362,1370
250362,10652
250362,11262
250362,30500
250362,39186
250362,50716
250362,63186
250434,1304
250434,1370
250434,1372
250434,10652
250434,11262
250434,16358
250434,30500
250434,33886
250434,34092
250434,35732
250434,35846
250434,39186
250434,44302
250434,49888
250434,50274
250434,50716
250434,53160
250434,54096
250434,56714
250434,57414
250434,59396
250434,61280
250434,62074
250434,62274
250434,62944
250434,63136
250434,63186
250434,63188
250434,63360
250434,63418
250434,63510
250629,1304
250629,11262
250629,30500
250629,56714
250629,57414
250629,63360
250629,63510
250653,1304
250653,1370
250653,10652
250653,11262
250653,30500
250653,33886
250653,34092
250653,35732
250653,39186
250653,44302
250653,49888
250653,50716
250653,53160
250653,56714
250653,57414
250653,59396
250653,62074
250653,62944
250653,63136
250653,63188
250653,63510
250668,1304
250668,1370
250668,10652
250668,11262
250668,33886
250668,50718
250668,56696
250668,63418
250749,1370
250749,10808
250749,11262
250749,33886
250749,36720
250749,39186
250749,48298
250749,50716
250749,50718
250749,53160
250749,57414
250749,57804
250749,62944
250749,63418
250782,1304
250782,1370
250782,11262
250782,35732
250782,50274
250782,50716
250947,1304
250947,1370
250947,11262
250947,30500
250947,34092
250947,39186
250947,50716
250947,50720
250947,56714
250947,57414
250947,59396
250947,63188
250947,63220
250947,63510
250974,1370
250974,11262
250974,30500
250974,32496
250974,49888
250974,52918
250974,53386
250974,56714
250974,57414
250974,63188
250977,1304
250977,1370
250977,11262
250977,30500
250977,35732
250977,56714
250977,57414
250977,59822
250977,62074
250977,63188
250977,63360
250977,63510
251085,1304
251085,11262
251085,30500
251085,39186
251085,49888
251085,50716
251085,50718
251085,56696
251085,57414
251085,59396
251085,62944
251106,1304
251106,1370
251106,11262
251106,30500
251106,50716
251106,56714
251106,62944
251106,63188
251106,63510
251121,1304
251121,1370
251121,10652
251121,63188
251142,1304
251142,1370
251142,35732
251142,62376
251169,1304
251169,1370
251169,10652
251169,11262
251202,11262
251202,30500
251202,33886
251202,44302
251202,50716
251202,54096
251202,62944
251202,63360
251202,63510
251235,1370
251235,11262
251235,30500
251235,35732
251235,39186
251235,50716
251235,56714
251235,63510
251253,1304
251253,1370
251253,11262
251253,33886
251253,34092
251253,56714
251253,61280
251253,62074
251253,62274
251253,63510
251382,1304
251382,11262
251382,39186
251382,49888
251382,50716
251391,60
251442,124
251442,1304
251442,1370
251442,10652
251442,11262
251442,16358
251442,30500
251442,32496
251442,33534
251442,33886
251442,34092
251442,35732
251442,35846
251442,39186
251442,49888
251442,50274
251442,50716
251442,52918
251442,53160
251442,54096
251442,56696
251442,56714
251442,57414
251442,59396
251442,61280
251442,62274
251442,62944
251442,63186
251442,63188
251442,63218
251442,63360
251442,63510
251493,1304
251493,1370
251493,11262
251493,33886
251493,34092
251493,50718
251493,56714
251493,62074
251493,63188
251610,1304
251610,1370
251610,10652
251610,11262
251610,33886
251610,35732
251610,50716
251610,56714
251610,62944
251610,63188
251610,63510
251610,63538
251619,124
251619,1304
251619,3382
251619,10652
251619,11262
251619,30500
251619,33886
251619,35732
251619,35846
251619,36720
251619,39186
251619,44302
251619,50272
251619,50274
251619,50716
251619,54096
251619,54290
251619,56714
251619,57414
251619,57804
251619,59394
251619,59396
251619,61348
251619,61540
251619,62074
251619,62944
251619,63136
251619,63186
251619,63188
251619,63218
251619,63360
251619,63418
251619,63510
251619,63538
251625,1370
251625,10652
251625,11262
251625,30500
251625,33886
251625,50274
251625,56714
251625,57414
251625,59396
251625,61280
251625,63510
251631,1304
251631,1370
251631,10652
251631,11262
251631,30500
251631,33886
251631,39186
251631,44302
251631,49888
251631,50274
251631,50716
251631,54096
251631,56714
251631,57414
251631,59394
251631,59396
251631,61280
251631,62274
251631,62944
251631,63136
251631,63188
251631,63360
251631,63510
251643,1304
251643,1370
251643,10652
251643,11262
251643,16358
251643,30500
251643,35732
251643,35846
251643,39186
251643,50716
251643,53046
251643,56696
251643,56714
251643,57414
251643,59822
251643,62274
251643,63188
251643,63510
251721,1370
251721,30500
251721,39186
251721,56714
251721,63510
251766,1304
251766,1370
251766,10652
251766,11262
251766,33886
251766,39186
251766,50716
251766,57414
251766,63188
251817,34092
251829,1304
251829,10652
251829,11262
251829,16358
251829,30500
251829,34092
251829,35846
251829,50716
251829,54096
251829,62944
251829,63186
251829,63510
251967,1304
251967,1370
251967,10652
251967,11262
251967,30500
251967,33886
251967,34092
251967,39186
251967,56714
251967,57414
251967,59396
251967,62274
251967,63136
251967,63220
251967,63360
252057,50274
252066,10652
252066,11262
252066,33886
252066,56714
252066,57414
252066,57804
252066,62274
252066,63510
252081,11262
252081,33534
252081,33886
252081,44302
252081,50716
252081,56714
252081,57414
252177,1370
252177,10652
252177,11262
252177,16358
252177,33886
252177,34092
252177,35846
252177,39186
252177,44302
252177,50716
252177,56696
252177,56714
252177,57414
252177,62944
252177,63186
252177,63188
252177,63510
252210,124
252210,1304
252210,1370
252210,3382
252210,10652
252210,11262
252210,30500
252210,32496
252210,33886
252210,34092
252210,35732
252210,35846
252210,39186
252210,44302
252210,50274
252210,50716
252210,56696
252210,56714
252210,57414
252210,59394
252210,59396
252210,61280
252210,62944
252210,63510
252375,1304
252375,11262
252375,30500
252375,33886
252375,35732
252375,44302
252375,49888
252375,50718
252375,52918
252375,56714
252375,57414
252375,63510
252396,11262
252396,30500
252396,33886
252396,62274
252396,62944
252405,1370
252405,11262
252405,33886
252405,56714
252480,1304
252480,1370
252480,11262
252480,30500
252480,34092
252480,35732
252480,39186
252480,50716
252480,56714
252480,57414
252480,62074
252618,11262
252618,57414
252618,63418
252696,1370
252696,11262
252696,30500
252774,1304
252774,1370
252774,11262
252774,30500
252774,33886
252774,39186
252774,50272
252774,50274
252774,50716
252774,50718
252774,57414
252774,59396
252774,63510
253053,1370
253053,63188
253098,1304
253098,1370
253098,11262
253098,30500
253098,63510
253146,1304
253146,10652
253146,39186
253146,56696
253146,56714
253146,62170
253146,62376
253335,1304
253335,1370
253557,124
253557,10652
253557,11262
253557,63418
457455,34092
457455,36720
457455,50274
457455,57804
457455,59394
457455,59396
457455,61280
2061063,124
2061063,1304
2061063,1370
2061063,1372
2061063,11262
2061063,30500
2061063,50268
2061063,50716
2061063,50718
2061063,57414
2061063,61542
2061063,62074
2061063,63510
